[
  {
    "id": 0,
    "type": 0,
    "name": "Attack: +#"
  },
  {
    "id": 1,
    "type": 0,
    "name": "Use time remain # minute"
  },
  {
    "id": 2,
    "type": 0,
    "name": "HP, KI +#000"
  },
  {
    "id": 3,
    "type": 0,
    "name": "Immune and convert #% of ranger damage hit to KI"
  },
  {
    "id": 4,
    "type": 0,
    "name": "Restore #% KI per hit"
  },
  {
    "id": 5,
    "type": 0,
    "name": "+#% critical damage"
  },
  {
    "id": 6,
    "type": 1,
    "name": "HP+#"
  },
  {
    "id": 7,
    "type": 1,
    "name": "KI+#"
  },
  {
    "id": 8,
    "type": 1,
    "name": "Drain #% HP, KI around per 5 second"
  },
  {
    "id": 9,
    "type": 1,
    "name": "Effect in  # min"
  },
  {
    "id": 10,
    "type": 1,
    "name": "Chính xác: +#"
  },
  {
    "id": 11,
    "type": 2,
    "name": "Bonus Point +#"
  },
  {
    "id": 12,
    "type": 2,
    "name": "Use remain +#"
  },
  {
    "id": 13,
    "type": 2,
    "name": "Monster kill +#"
  },
  {
    "id": 14,
    "type": 2,
    "name": "Critical +#%"
  },
  {
    "id": 15,
    "type": 2,
    "name": "Phản đòn cận chiến+#"
  },
  {
    "id": 16,
    "type": 2,
    "name": "Tốc độ di chuyển+#%"
  },
  {
    "id": 17,
    "type": 2,
    "name": "Né đòn: +#"
  },
  {
    "id": 18,
    "type": 2,
    "name": "Chính xác: +#%"
  },
  {
    "id": 19,
    "type": 2,
    "name": "Attack Monster+#%"
  },
  {
    "id": 20,
    "type": 2,
    "name": "PIN #"
  },
  {
    "id": 21,
    "type": 2,
    "name": "Power require # billions"
  },
  {
    "id": 22,
    "type": 2,
    "name": "HP+#K"
  },
  {
    "id": 23,
    "type": 2,
    "name": "KI+#K"
  },
  {
    "id": 24,
    "type": 2,
    "name": "High gravity, slow down arround"
  },
  {
    "id": 25,
    "type": 2,
    "name": "Cloak every 5 second"
  },
  {
    "id": 26,
    "type": 2,
    "name": "Transform arround into stone every 30 seconds"
  },
  {
    "id": 27,
    "type": 2,
    "name": "+# HP/30s"
  },
  {
    "id": 28,
    "type": 2,
    "name": "+# KI/30s"
  },
  {
    "id": 29,
    "type": 5,
    "name": "Transform arround into Chocolate every 30 seconds"
  },
  {
    "id": 30,
    "type": 0,
    "name": "Unable to Trade"
  },
  {
    "id": 31,
    "type": 0,
    "name": "Quantity #"
  },
  {
    "id": 32,
    "type": 0,
    "name": "Can not Skeletonize"
  },
  {
    "id": 33,
    "type": 6,
    "name": "Dịch chuyển tức thời"
  },
  {
    "id": 34,
    "type": 6,
    "name": "Seal of Star"
  },
  {
    "id": 35,
    "type": 6,
    "name": "Seal of Moon"
  },
  {
    "id": 36,
    "type": 6,
    "name": "Seal of Sun"
  },
  {
    "id": 37,
    "type": 4,
    "name": "Number of Deposit #"
  },
  {
    "id": 38,
    "type": 5,
    "name": "Only when fusion"
  },
  {
    "id": 39,
    "type": 6,
    "name": "<Update new version required>"
  },
  {
    "id": 40,
    "type": 7,
    "name": "Siêu cải trang # đá ngũ sắc"
  },
  {
    "id": 41,
    "type": 7,
    "name": "Bonus option +#:"
  },
  {
    "id": 42,
    "type": 7,
    "name": "Attack+#% on flying monsters"
  },
  {
    "id": 43,
    "type": 7,
    "name": "Attack+#% on monkey monsters"
  },
  {
    "id": 44,
    "type": 7,
    "name": "Attack+#% on ground monsters"
  },
  {
    "id": 45,
    "type": 7,
    "name": "Attack+#% on Nameks"
  },
  {
    "id": 46,
    "type": 7,
    "name": "Attack+#% on Earthlings"
  },
  {
    "id": 47,
    "type": 0,
    "name": "Defend: +#"
  },
  {
    "id": 48,
    "type": 2,
    "name": "HP, KI +#"
  },
  {
    "id": 49,
    "type": 1,
    "name": "Attack +#%"
  },
  {
    "id": 50,
    "type": 1,
    "name": "Damage increase +#%"
  },
  {
    "id": 51,
    "type": 0,
    "name": "Songoku ss#"
  },
  {
    "id": 52,
    "type": 0,
    "name": "Vegeta ss#"
  },
  {
    "id": 53,
    "type": 0,
    "name": "Broly"
  },
  {
    "id": 54,
    "type": 0,
    "name": "Mr. Santa"
  },
  {
    "id": 55,
    "type": 0,
    "name": "Broly ss#"
  },
  {
    "id": 56,
    "type": 0,
    "name": "Trunks"
  },
  {
    "id": 57,
    "type": 0,
    "name": "Tenshinhan"
  },
  {
    "id": 58,
    "type": 0,
    "name": "Android 17"
  },
  {
    "id": 59,
    "type": 0,
    "name": "Super namek #"
  },
  {
    "id": 60,
    "type": 0,
    "name": "Songoten"
  },
  {
    "id": 61,
    "type": 0,
    "name": "Songoku"
  },
  {
    "id": 62,
    "type": 2,
    "name": "Restore Hp #%"
  },
  {
    "id": 63,
    "type": 0,
    "name": "Remain # days"
  },
  {
    "id": 64,
    "type": 0,
    "name": "Remain # hours"
  },
  {
    "id": 65,
    "type": 0,
    "name": "Remain # minutes"
  },
  {
    "id": 66,
    "type": 0,
    "name": "Empty"
  },
  {
    "id": 67,
    "type": 0,
    "name": "Use to upgrade Gloves"
  },
  {
    "id": 68,
    "type": 0,
    "name": "Use to upgrade Armor"
  },
  {
    "id": 69,
    "type": 0,
    "name": "Use to upgrade Pant"
  },
  {
    "id": 70,
    "type": 0,
    "name": "Use to upgrade Shoes"
  },
  {
    "id": 71,
    "type": 0,
    "name": "Use to upgrade Radar"
  },
  {
    "id": 72,
    "type": 0,
    "name": "Level #"
  },
  {
    "id": 73,
    "type": 0,
    "name": ""
  },
  {
    "id": 74,
    "type": 0,
    "name": "Use to upgrade"
  },
  {
    "id": 75,
    "type": 0,
    "name": "Use to magic upgrade"
  },
  {
    "id": 76,
    "type": 0,
    "name": "Vip"
  },
  {
    "id": 77,
    "type": 0,
    "name": "HP +#%"
  },
  {
    "id": 78,
    "type": 0,
    "name": "Destroy +#%"
  },
  {
    "id": 79,
    "type": 0,
    "name": "Summon #% attack damage"
  },
  {
    "id": 80,
    "type": 0,
    "name": "HP +#%/30s"
  },
  {
    "id": 81,
    "type": 0,
    "name": "KI +#%/30s"
  },
  {
    "id": 82,
    "type": 0,
    "name": "Monster does not attack first and reduce 20% damage receive"
  },
  {
    "id": 83,
    "type": 0,
    "name": "Increase 20% Power and Potentical receive when attack monster"
  },
  {
    "id": 84,
    "type": 0,
    "name": "Fly with no KI used"
  },
  {
    "id": 85,
    "type": 0,
    "name": "Fly with KI restore"
  },
  {
    "id": 86,
    "type": 0,
    "name": "Consignment sale (Gold)"
  },
  {
    "id": 87,
    "type": 0,
    "name": "Consignment sale (Gems)"
  },
  {
    "id": 88,
    "type": 0,
    "name": "Add #% exp when train monters"
  },
  {
    "id": 89,
    "type": 0,
    "name": "Fly with HP and KI regen"
  },
  {
    "id": 90,
    "type": 0,
    "name": "Donate it and get lucky"
  },
  {
    "id": 91,
    "type": 0,
    "name": "Open it and get lucky"
  },
  {
    "id": 92,
    "type": 0,
    "name": "Say happy new year to your clan and every body with fireworks "
  },
  {
    "id": 93,
    "type": 0,
    "name": "Expr: # days"
  },
  {
    "id": 94,
    "type": 0,
    "name": "Reduce damage #%"
  },
  {
    "id": 95,
    "type": 0,
    "name": "Convert #% of damage to HP"
  },
  {
    "id": 96,
    "type": 0,
    "name": "Convert #% of damage to KI"
  },
  {
    "id": 97,
    "type": 0,
    "name": "Reflects #% damage receive"
  },
  {
    "id": 98,
    "type": 0,
    "name": "#% armor penetration in KI attack"
  },
  {
    "id": 99,
    "type": 0,
    "name": "#% armor penetration in melee"
  },
  {
    "id": 100,
    "type": 0,
    "name": "+#% Gold drop from monsters"
  },
  {
    "id": 101,
    "type": 0,
    "name": "+#% power and SP received from monsters"
  },
  {
    "id": 102,
    "type": 0,
    "name": "# Crystal Stars"
  },
  {
    "id": 103,
    "type": 0,
    "name": "KI +#%"
  },
  {
    "id": 104,
    "type": 0,
    "name": "Convert #% of damage to monster to HP"
  },
  {
    "id": 105,
    "type": 0,
    "name": "Invisible while not attack monster or boss"
  },
  {
    "id": 106,
    "type": 0,
    "name": "Immunity to cold"
  },
  {
    "id": 107,
    "type": 0,
    "name": "# Crystal Stars"
  },
  {
    "id": 108,
    "type": 0,
    "name": "#% Avoid"
  },
  {
    "id": 109,
    "type": 0,
    "name": "Smells foul damage around"
  },
  {
    "id": 110,
    "type": 0,
    "name": "Opportunity found crystal star from monsters"
  },
  {
    "id": 111,
    "type": 0,
    "name": "Distracting everyone around"
  },
  {
    "id": 112,
    "type": 0,
    "name": "#% Discount when buying Disguised or Avatar"
  },
  {
    "id": 113,
    "type": 0,
    "name": "Threw for Hercules Wolf"
  },
  {
    "id": 114,
    "type": 0,
    "name": "+#% Move Speed"
  },
  {
    "id": 115,
    "type": 0,
    "name": "Transform other to the carrot"
  },
  {
    "id": 116,
    "type": 0,
    "name": "Not affected by the Solar Flare"
  },
  {
    "id": 117,
    "type": 0,
    "name": "Beauty increase damage everyone around +#%"
  },
  {
    "id": 118,
    "type": 0,
    "name": "Blink to target and Stun for # mili second"
  },
  {
    "id": 119,
    "type": 0,
    "name": "Blind arround for # second"
  },
  {
    "id": 120,
    "type": 0,
    "name": "Cool down is # second"
  },
  {
    "id": 121,
    "type": 0,
    "name": "Force to sleep for # second"
  },
  {
    "id": 122,
    "type": 0,
    "name": "Protect in # second"
  },
  {
    "id": 123,
    "type": 0,
    "name": "Tie target in # second"
  },
  {
    "id": 124,
    "type": 0,
    "name": "Awake in weakness -#% attack damage in 10 second"
  },
  {
    "id": 125,
    "type": 0,
    "name": "Temporary increase and restore #% HP for you and friendly arround in 30 second"
  },
  {
    "id": 126,
    "type": 0,
    "name": "Transform target into Chocolate and weak -#% attack damage in 30 second"
  },
  {
    "id": 127,
    "type": 0,
    "name": "Set Tienshinhan"
  },
  {
    "id": 128,
    "type": 0,
    "name": "Set Kurilin"
  },
  {
    "id": 129,
    "type": 0,
    "name": "Set Songoku"
  },
  {
    "id": 130,
    "type": 0,
    "name": "Set Piccolo"
  },
  {
    "id": 131,
    "type": 0,
    "name": "Set Nail"
  },
  {
    "id": 132,
    "type": 0,
    "name": "Set Pikkoro Daimao"
  },
  {
    "id": 133,
    "type": 0,
    "name": "Set Kakarot"
  },
  {
    "id": 134,
    "type": 0,
    "name": "Set Vegeta"
  },
  {
    "id": 135,
    "type": 0,
    "name": "Set Nappa"
  },
  {
    "id": 136,
    "type": 9,
    "name": "$(5 items  +100%  Galick punch damage)"
  },
  {
    "id": 137,
    "type": 9,
    "name": "$(5 items 5x Monkey transformation time)"
  },
  {
    "id": 138,
    "type": 9,
    "name": "$(5 items +80% HP)"
  },
  {
    "id": 139,
    "type": 9,
    "name": "$(5 items 2x Dazzle time)"
  },
  {
    "id": 140,
    "type": 9,
    "name": "$(5 items +100% Genki-Dama damage)"
  },
  {
    "id": 141,
    "type": 9,
    "name": "$(5 items +100% Kamejoko damage)"
  },
  {
    "id": 142,
    "type": 9,
    "name": "$(5 items +50%  Masenkosappo damage)"
  },
  {
    "id": 143,
    "type": 9,
    "name": "$(5 items : Immortal around when attack  monsters)"
  },
  {
    "id": 144,
    "type": 9,
    "name": "$(5 items +100% damage and immortal for disciple from Summon)"
  },
  {
    "id": 145,
    "type": 0,
    "name": "$(Near player who has different type Dr Slum disguise +20% attack damage +66% run speed)"
  },
  {
    "id": 146,
    "type": 0,
    "name": "$(Near 2 players who have different type Dr Slum disguise +30% attack damage +100% run speed)"
  },
  {
    "id": 147,
    "type": 0,
    "name": "+#% attack damage"
  },
  {
    "id": 148,
    "type": 0,
    "name": "+#% run speed"
  },
  {
    "id": 149,
    "type": 0,
    "name": "increase when standing near other kind of pirate disguises"
  },
  {
    "id": 150,
    "type": 0,
    "name": "increase when standing near other kind of Killer Androids disguises"
  },
  {
    "id": 151,
    "type": 0,
    "name": "$(Near player who has different type Pilaf Team disguise +20% attack damage +66% run speed)"
  },
  {
    "id": 152,
    "type": 0,
    "name": "$(Near 2 players who have different type Pilaf Team disguise +30% attack damage +100% run speed)"
  },
  {
    "id": 153,
    "type": 0,
    "name": "50% chance to explode after die"
  },
  {
    "id": 154,
    "type": 0,
    "name": "Can not be sold"
  },
  {
    "id": 155,
    "type": 0,
    "name": "Reduce 50% Attack, HP, KI and +#% Power, Potential, Gold drop"
  },
  {
    "id": 156,
    "type": 0,
    "name": "Accumulate 1% Attack when using Punch skill only, Max #%"
  },
  {
    "id": 157,
    "type": 0,
    "name": "Reduce #% all Damage when KI below 20%"
  },
  {
    "id": 158,
    "type": 0,
    "name": "You may find event items randomly when you are naked and with out any disguise."
  },
  {
    "id": 159,
    "type": 0,
    "name": "x# Basic Ki Blast Damage per minute"
  },
  {
    "id": 160,
    "type": 0,
    "name": "+#% Disciple Potential, Power while Master using"
  },
  {
    "id": 161,
    "type": 0,
    "name": "Receive # Free Gems daily from defeating monsters."
  },
  {
    "id": 162,
    "type": 0,
    "name": "Cute effect regen #% KI/s to you and friendly arround"
  },
  {
    "id": 163,
    "type": 0,
    "name": "Turn people around into pumpkins"
  },
  {
    "id": 164,
    "type": 0,
    "name": "Exchange # Event Point"
  },
  {
    "id": 165,
    "type": 0,
    "name": "Chance +#% Fire damage when melee attack monsters"
  },
  {
    "id": 166,
    "type": 0,
    "name": "Cool +#% attack power when flying with Disguise Tao Pai-pai"
  },
  {
    "id": 167,
    "type": 0,
    "name": "Create cold air"
  },
  {
    "id": 168,
    "type": 0,
    "name": "Absorb damage to increase attack power"
  },
  {
    "id": 169,
    "type": 0,
    "name": "Opportunity to poison the enemy"
  },
  {
    "id": 170,
    "type": 0,
    "name": "Cool +#% attack power when flying with Disguise Frieza Family"
  },
  {
    "id": 171,
    "type": 0,
    "name": "Quantity #K"
  },
  {
    "id": 172,
    "type": 0,
    "name": "#"
  },
  {
    "id": 173,
    "type": 0,
    "name": "Restore #% HP and KI "
  },
  {
    "id": 174,
    "type": 0,
    "name": "Event in year #"
  },
  {
    "id": 175,
    "type": 0,
    "name": "Reduce #% blind time"
  },
  {
    "id": 176,
    "type": 0,
    "name": "$(Stand near by 4 other friends +20% Attack +50% Run Speed)"
  },
  {
    "id": 177,
    "type": 0,
    "name": "$(Up to +2% of all if near Fat Mabu)"
  },
  {
    "id": 178,
    "type": 0,
    "name": "KI +#%/10s"
  },
  {
    "id": 179,
    "type": 0,
    "name": "+2% attack damage, up to 10% when near Demons Frost Disguise"
  },
  {
    "id": 180,
    "type": 0,
    "name": "+#% attack damage when near Black Gohan Rose Disguise"
  },
  {
    "id": 181,
    "type": 0,
    "name": "Teleport attack +#% damage"
  },
  {
    "id": 182,
    "type": 0,
    "name": "+#% damage for summon disciple"
  },
  {
    "id": 183,
    "type": 0,
    "name": "Reduce #% Shield cooldown"
  },
  {
    "id": 184,
    "type": 0,
    "name": "+#% attack power, up to 10% when near Green Gohan, Red Android 18, Arale doll"
  },
  {
    "id": 185,
    "type": 0,
    "name": "+# hours"
  },
  {
    "id": 186,
    "type": 0,
    "name": "Turn candy 30 seconds"
  },
  {
    "id": 187,
    "type": 0,
    "name": "Reduce # seconds blind time"
  },
  {
    "id": 188,
    "type": 0,
    "name": "Disciples kame kame ha +#% damage"
  },
  {
    "id": 189,
    "type": 0,
    "name": "Disciple antomic +#% damage"
  },
  {
    "id": 190,
    "type": 0,
    "name": "Disciple masenko +#% damage"
  },
  {
    "id": 191,
    "type": 0,
    "name": "Critical Evasion+#%"
  },
  {
    "id": 192,
    "type": 0,
    "name": "+#% Critical"
  },
  {
    "id": 193,
    "type": 0,
    "name": "+#% attack power, up to 11% when near Football player disguise"
  },
  {
    "id": 194,
    "type": 0,
    "name": "+#% attack power, up to 10% when near another Summer Disguise"
  },
  {
    "id": 195,
    "type": 0,
    "name": "+#% attack power, up to 10% when near another Superhero Disguise"
  },
  {
    "id": 196,
    "type": 0,
    "name": "Beauty +#% attack power, up to 18% when near another Rabbit Disguise"
  },
  {
    "id": 197,
    "type": 7,
    "name": "Attack+#% on Saiyan"
  },
  {
    "id": 198,
    "type": 7,
    "name": "Reduce #% damage from Earthlings"
  },
  {
    "id": 199,
    "type": 7,
    "name": "Reduce #% damage from Nameks"
  },
  {
    "id": 200,
    "type": 7,
    "name": "Reduce #% damage from Saiyan"
  },
  {
    "id": 201,
    "type": 7,
    "name": "Attack+#% near 2 clan members"
  },
  {
    "id": 202,
    "type": 7,
    "name": "HP+#% near 2 clan members"
  },
  {
    "id": 203,
    "type": 7,
    "name": "KI+#% near 2 clan members"
  },
  {
    "id": 204,
    "type": 7,
    "name": "Attack+#% on Boss"
  },
  {
    "id": 205,
    "type": 7,
    "name": "+#% attack power, up to 18% when near Demon Slayer disguise"
  },
  {
    "id": 206,
    "type": 0,
    "name": "Rare item dropped from monsters (+#%)"
  },
  {
    "id": 207,
    "type": 0,
    "name": "Rare item dropped from boss (+#%)"
  },
  {
    "id": 208,
    "type": 0,
    "name": "Transformed equipment"
  },
  {
    "id": 209,
    "type": 0,
    "name": "Dropped level # times"
  },
  {
    "id": 210,
    "type": 0,
    "name": "# Hidden options"
  },
  {
    "id": 211,
    "type": 0,
    "name": "Unidentified #/5"
  },
  {
    "id": 212,
    "type": 0,
    "name": "Durability #/1000"
  },
  {
    "id": 213,
    "type": 0,
    "name": "Sell Value: # million gold"
  },
  {
    "id": 214,
    "type": 0,
    "name": "Super Skill Range +#%"
  },
  {
    "id": 215,
    "type": 0,
    "name": "Number of targets +#"
  },
  {
    "id": 216,
    "type": 0,
    "name": "Super Skill +#% damage"
  },
  {
    "id": 217,
    "type": 0,
    "name": "- Unverified"
  },
  {
    "id": 218,
    "type": 0,
    "name": "---------"
  },
  {
    "id": 219,
    "type": 0,
    "name": "Refine time #"
  },
  {
    "id": 220,
    "type": 0,
    "name": "Complete #%"
  },
  {
    "id": 221,
    "type": 0,
    "name": "Recovers #% HP and KI every 30 seconds for self and allies"
  },
  {
    "id": 222,
    "type": 0,
    "name": "120 seconds of attack damage #% for 30 seconds"
  },
  {
    "id": 223,
    "type": 0,
    "name": "120 seconds restores #% HP within 30 seconds"
  },
  {
    "id": 224,
    "type": 0,
    "name": "Reduce cooldown time of all skills down to 0.1s"
  },
  {
    "id": 225,
    "type": 0,
    "name": "Reduce # seconds affected time of Mafuba"
  },
  {
    "id": 226,
    "type": 0,
    "name": "Cute increase damage everyone around +#%"
  },
  {
    "id": 227,
    "type": 0,
    "name": "Reduced by #% the effect of control attacks when using energy shields"
  },
  {
    "id": 228,
    "type": 0,
    "name": "Enhanced to crystal star socket #"
  },
  {
    "id": 229,
    "type": 0,
    "name": "Cold causes #% HP and KI reduction every 30 seconds to those around"
  },
  {
    "id": 230,
    "type": 0,
    "name": "+# million potential, power"
  },
  {
    "id": 231,
    "type": 0,
    "name": "Expiry date or permanent"
  },
  {
    "id": 232,
    "type": 0,
    "name": "Remaining Transactions: #"
  },
  {
    "id": 233,
    "type": 0,
    "name": "Set Gohan"
  },
  {
    "id": 234,
    "type": 9,
    "name": "$(5 items +150% luck +30% more gold dropped from monsters)"
  },
  {
    "id": 235,
    "type": 0,
    "name": "Number of remaining consignment times: #"
  },
  {
    "id": 236,
    "type": 0,
    "name": "+#% Luck"
  }
]