[
  {
    "mobTemplateId": 0,
    "rangeMove": 0,
    "speed": 1,
    "type": 0,
    "dartType": 25,
    "hp": 100,
    "name": "Wooden dummy"
  },
  {
    "mobTemplateId": 1,
    "rangeMove": 33,
    "speed": 1,
    "type": 1,
    "dartType": 25,
    "hp": 200,
    "name": "Dinosaur"
  },
  {
    "mobTemplateId": 2,
    "rangeMove": 33,
    "speed": 1,
    "type": 1,
    "dartType": 9,
    "hp": 200,
    "name": "Wild boar"
  },
  {
    "mobTemplateId": 3,
    "rangeMove": 33,
    "speed": 1,
    "type": 1,
    "dartType": 5,
    "hp": 200,
    "name": "Ground evil"
  },
  {
    "mobTemplateId": 4,
    "rangeMove": 33,
    "speed": 2,
    "type": 1,
    "dartType": 26,
    "hp": 500,
    "name": "M dinosaur"
  },
  {
    "mobTemplateId": 5,
    "rangeMove": 33,
    "speed": 1,
    "type": 1,
    "dartType": 12,
    "hp": 500,
    "name": "M wild boar"
  },
  {
    "mobTemplateId": 6,
    "rangeMove": 33,
    "speed": 2,
    "type": 1,
    "dartType": 27,
    "hp": 500,
    "name": "M ground evil"
  },
  {
    "mobTemplateId": 7,
    "rangeMove": 33,
    "speed": 1,
    "type": 4,
    "dartType": 26,
    "hp": 600,
    "name": "Pterosaurs"
  },
  {
    "mobTemplateId": 8,
    "rangeMove": 33,
    "speed": 2,
    "type": 4,
    "dartType": 12,
    "hp": 600,
    "name": "Flying dragon"
  },
  {
    "mobTemplateId": 9,
    "rangeMove": 33,
    "speed": 1,
    "type": 4,
    "dartType": 27,
    "hp": 600,
    "name": "Flying devil"
  },
  {
    "mobTemplateId": 10,
    "rangeMove": 33,
    "speed": 2,
    "type": 4,
    "dartType": 28,
    "hp": 1000,
    "name": "M pterosaurs"
  },
  {
    "mobTemplateId": 11,
    "rangeMove": 33,
    "speed": 1,
    "type": 4,
    "dartType": 28,
    "hp": 1000,
    "name": "M Flying dragon"
  },
  {
    "mobTemplateId": 12,
    "rangeMove": 33,
    "speed": 2,
    "type": 4,
    "dartType": 28,
    "hp": 1000,
    "name": "M Flying devil"
  },
  {
    "mobTemplateId": 13,
    "rangeMove": 33,
    "speed": 2,
    "type": 1,
    "dartType": 22,
    "hp": 3000,
    "name": "Hermit crabs"
  },
  {
    "mobTemplateId": 14,
    "rangeMove": 33,
    "speed": 2,
    "type": 1,
    "dartType": 22,
    "hp": 3000,
    "name": "Snail"
  },
  {
    "mobTemplateId": 15,
    "rangeMove": 33,
    "speed": 2,
    "type": 1,
    "dartType": 22,
    "hp": 3000,
    "name": "M Saiya boar"
  },
  {
    "mobTemplateId": 16,
    "rangeMove": 33,
    "speed": 1,
    "type": 1,
    "dartType": 13,
    "hp": 1500,
    "name": "Boar"
  },
  {
    "mobTemplateId": 17,
    "rangeMove": 33,
    "speed": 1,
    "type": 1,
    "dartType": 13,
    "hp": 1500,
    "name": "Green skin boar"
  },
  {
    "mobTemplateId": 18,
    "rangeMove": 33,
    "speed": 1,
    "type": 1,
    "dartType": 13,
    "hp": 1500,
    "name": "Saiya boar"
  },
  {
    "mobTemplateId": 19,
    "rangeMove": 33,
    "speed": 2,
    "type": 1,
    "dartType": 16,
    "hp": 12000,
    "name": "M boar"
  },
  {
    "mobTemplateId": 20,
    "rangeMove": 33,
    "speed": 2,
    "type": 1,
    "dartType": 16,
    "hp": 12000,
    "name": "M Green skin boar"
  },
  {
    "mobTemplateId": 21,
    "rangeMove": 33,
    "speed": 2,
    "type": 4,
    "dartType": 41,
    "hp": 12000,
    "name": "Alien"
  },
  {
    "mobTemplateId": 22,
    "rangeMove": 33,
    "speed": 2,
    "type": 1,
    "dartType": 30,
    "hp": 6000,
    "name": "Bulon"
  },
  {
    "mobTemplateId": 23,
    "rangeMove": 33,
    "speed": 2,
    "type": 1,
    "dartType": 23,
    "hp": 6000,
    "name": "Ukulele"
  },
  {
    "mobTemplateId": 24,
    "rangeMove": 33,
    "speed": 2,
    "type": 1,
    "dartType": 17,
    "hp": 6000,
    "name": "Fat devil"
  },
  {
    "mobTemplateId": 25,
    "rangeMove": 33,
    "speed": 2,
    "type": 4,
    "dartType": 34,
    "hp": 20000,
    "name": "Tambourine"
  },
  {
    "mobTemplateId": 26,
    "rangeMove": 33,
    "speed": 2,
    "type": 1,
    "dartType": 24,
    "hp": 20000,
    "name": "Drum"
  },
  {
    "mobTemplateId": 27,
    "rangeMove": 33,
    "speed": 2,
    "type": 1,
    "dartType": 29,
    "hp": 20000,
    "name": "Akkuman"
  },
  {
    "mobTemplateId": 28,
    "rangeMove": 33,
    "speed": 2,
    "type": 4,
    "dartType": 19,
    "hp": 1500,
    "name": "Thằn lằn bay 2"
  },
  {
    "mobTemplateId": 29,
    "rangeMove": 33,
    "speed": 2,
    "type": 4,
    "dartType": 7,
    "hp": 1500,
    "name": "Phi long 2"
  },
  {
    "mobTemplateId": 30,
    "rangeMove": 33,
    "speed": 2,
    "type": 4,
    "dartType": 20,
    "hp": 1500,
    "name": "Quỷ bay 2"
  },
  {
    "mobTemplateId": 31,
    "rangeMove": 33,
    "speed": 2,
    "type": 4,
    "dartType": 40,
    "hp": 3000,
    "name": "Hijack"
  },
  {
    "mobTemplateId": 32,
    "rangeMove": 33,
    "speed": 2,
    "type": 4,
    "dartType": 15,
    "hp": 3000,
    "name": "Big head devil"
  },
  {
    "mobTemplateId": 33,
    "rangeMove": 33,
    "speed": 2,
    "type": 4,
    "dartType": 17,
    "hp": 3000,
    "name": "Hell devil"
  },
  {
    "mobTemplateId": 34,
    "rangeMove": 33,
    "speed": 2,
    "type": 1,
    "dartType": 13,
    "hp": 30000,
    "name": "General red soldier"
  },
  {
    "mobTemplateId": 35,
    "rangeMove": 33,
    "speed": 2,
    "type": 1,
    "dartType": 13,
    "hp": 30000,
    "name": "General red soldier"
  },
  {
    "mobTemplateId": 36,
    "rangeMove": 33,
    "speed": 2,
    "type": 1,
    "dartType": 13,
    "hp": 30000,
    "name": "Grey wofl"
  },
  {
    "mobTemplateId": 37,
    "rangeMove": 33,
    "speed": 2,
    "type": 4,
    "dartType": 13,
    "hp": 30000,
    "name": "Flying Robot"
  },
  {
    "mobTemplateId": 38,
    "rangeMove": 33,
    "speed": 2,
    "type": 1,
    "dartType": 13,
    "hp": 30000,
    "name": "Steel Robot"
  },
  {
    "mobTemplateId": 39,
    "rangeMove": 33,
    "speed": 2,
    "type": 1,
    "dartType": 10,
    "hp": 40000,
    "name": "Nappa"
  },
  {
    "mobTemplateId": 40,
    "rangeMove": 33,
    "speed": 2,
    "type": 1,
    "dartType": 10,
    "hp": 50000,
    "name": "Soldier"
  },
  {
    "mobTemplateId": 41,
    "rangeMove": 33,
    "speed": 2,
    "type": 1,
    "dartType": 42,
    "hp": 60000,
    "name": "Appule"
  },
  {
    "mobTemplateId": 42,
    "rangeMove": 33,
    "speed": 2,
    "type": 1,
    "dartType": 42,
    "hp": 70000,
    "name": "Raspberry"
  },
  {
    "mobTemplateId": 43,
    "rangeMove": 33,
    "speed": 2,
    "type": 4,
    "dartType": 43,
    "hp": 80000,
    "name": "Green lizard"
  },
  {
    "mobTemplateId": 44,
    "rangeMove": 33,
    "speed": 2,
    "type": 1,
    "dartType": 43,
    "hp": 90000,
    "name": "Sharp head evil"
  },
  {
    "mobTemplateId": 45,
    "rangeMove": 33,
    "speed": 2,
    "type": 1,
    "dartType": 44,
    "hp": 100000,
    "name": "Yellow head evil"
  },
  {
    "mobTemplateId": 46,
    "rangeMove": 33,
    "speed": 2,
    "type": 1,
    "dartType": 44,
    "hp": 110000,
    "name": "Purple skin evil"
  },
  {
    "mobTemplateId": 47,
    "rangeMove": 33,
    "speed": 2,
    "type": 1,
    "dartType": 45,
    "hp": 120000,
    "name": "Old evil"
  },
  {
    "mobTemplateId": 48,
    "rangeMove": 33,
    "speed": 2,
    "type": 1,
    "dartType": 45,
    "hp": 130000,
    "name": "Crocodiles"
  },
  {
    "mobTemplateId": 49,
    "rangeMove": 33,
    "speed": 2,
    "type": 4,
    "dartType": 46,
    "hp": 140000,
    "name": "Blue skin bat"
  },
  {
    "mobTemplateId": 50,
    "rangeMove": 33,
    "speed": 2,
    "type": 4,
    "dartType": 48,
    "hp": 180000,
    "name": "Evil bird"
  },
  {
    "mobTemplateId": 51,
    "rangeMove": 33,
    "speed": 1,
    "type": 1,
    "dartType": 46,
    "hp": 150000,
    "name": "Skinhead soldier"
  },
  {
    "mobTemplateId": 52,
    "rangeMove": 33,
    "speed": 2,
    "type": 1,
    "dartType": 47,
    "hp": 160000,
    "name": "Long ears soldier"
  },
  {
    "mobTemplateId": 53,
    "rangeMove": 33,
    "speed": 2,
    "type": 1,
    "dartType": 47,
    "hp": 170000,
    "name": "Space soldier"
  },
  {
    "mobTemplateId": 54,
    "rangeMove": 33,
    "speed": 2,
    "type": 1,
    "dartType": 47,
    "hp": 300000,
    "name": "Black monkey"
  },
  {
    "mobTemplateId": 55,
    "rangeMove": 33,
    "speed": 2,
    "type": 1,
    "dartType": 47,
    "hp": 350000,
    "name": "Iron monkey"
  },
  {
    "mobTemplateId": 56,
    "rangeMove": 33,
    "speed": 2,
    "type": 1,
    "dartType": 47,
    "hp": 400000,
    "name": "Red monkey"
  },
  {
    "mobTemplateId": 57,
    "rangeMove": 33,
    "speed": 2,
    "type": 1,
    "dartType": 47,
    "hp": 450000,
    "name": "Yellow monkey"
  },
  {
    "mobTemplateId": 58,
    "rangeMove": 33,
    "speed": 3,
    "type": 1,
    "dartType": 47,
    "hp": 200000,
    "name": "Cell Jr level 1"
  },
  {
    "mobTemplateId": 59,
    "rangeMove": 33,
    "speed": 3,
    "type": 1,
    "dartType": 47,
    "hp": 250000,
    "name": "Cell Jr level 2"
  },
  {
    "mobTemplateId": 60,
    "rangeMove": 33,
    "speed": 3,
    "type": 1,
    "dartType": 47,
    "hp": 300000,
    "name": "Cell Jr level 3"
  },
  {
    "mobTemplateId": 61,
    "rangeMove": 33,
    "speed": 3,
    "type": 1,
    "dartType": 47,
    "hp": 350000,
    "name": "Cell Jr level 4"
  },
  {
    "mobTemplateId": 62,
    "rangeMove": 33,
    "speed": 3,
    "type": 1,
    "dartType": 47,
    "hp": 400000,
    "name": "Cell Jr level 5"
  },
  {
    "mobTemplateId": 63,
    "rangeMove": 33,
    "speed": 3,
    "type": 1,
    "dartType": 47,
    "hp": 450000,
    "name": "Cell Jr level 6"
  },
  {
    "mobTemplateId": 64,
    "rangeMove": 33,
    "speed": 3,
    "type": 1,
    "dartType": 47,
    "hp": 500000,
    "name": "Cell Jr level 7"
  },
  {
    "mobTemplateId": 65,
    "rangeMove": 33,
    "speed": 3,
    "type": 1,
    "dartType": 47,
    "hp": 550000,
    "name": "Cell Jr level 8"
  },
  {
    "mobTemplateId": 66,
    "rangeMove": 33,
    "speed": 2,
    "type": 1,
    "dartType": 45,
    "hp": 350000,
    "name": "Purple Ear"
  },
  {
    "mobTemplateId": 67,
    "rangeMove": 33,
    "speed": 2,
    "type": 1,
    "dartType": 10,
    "hp": 400000,
    "name": "Abo"
  },
  {
    "mobTemplateId": 68,
    "rangeMove": 33,
    "speed": 2,
    "type": 1,
    "dartType": 46,
    "hp": 450000,
    "name": "Kado"
  },
  {
    "mobTemplateId": 69,
    "rangeMove": 33,
    "speed": 2,
    "type": 4,
    "dartType": 43,
    "hp": 500000,
    "name": "Green Skin"
  },
  {
    "mobTemplateId": 70,
    "rangeMove": 33,
    "speed": 1,
    "type": 1,
    "dartType": 43,
    "hp": 40000000,
    "name": "Hilde Garn"
  },
  {
    "mobTemplateId": 71,
    "rangeMove": 33,
    "speed": 1,
    "type": 1,
    "dartType": 43,
    "hp": 1500000,
    "name": "King Octopus"
  },
  {
    "mobTemplateId": 72,
    "rangeMove": 33,
    "speed": 1,
    "type": 1,
    "dartType": 43,
    "hp": 1000000,
    "name": "Guard Robot"
  },
  {
    "mobTemplateId": 73,
    "rangeMove": 33,
    "speed": 2,
    "type": 1,
    "dartType": 30,
    "hp": 50000,
    "name": "Kawazu"
  },
  {
    "mobTemplateId": 74,
    "rangeMove": 33,
    "speed": 2,
    "type": 1,
    "dartType": 30,
    "hp": 55000,
    "name": "Kinkarn"
  },
  {
    "mobTemplateId": 75,
    "rangeMove": 33,
    "speed": 2,
    "type": 4,
    "dartType": 30,
    "hp": 60000,
    "name": "Arbee"
  },
  {
    "mobTemplateId": 76,
    "rangeMove": 0,
    "speed": 1,
    "type": 0,
    "dartType": 25,
    "hp": 80000,
    "name": "Destron Gas"
  },
  {
    "mobTemplateId": 77,
    "rangeMove": 33,
    "speed": 2,
    "type": 1,
    "dartType": 43,
    "hp": 2000000000,
    "name": "Bear Thief"
  },
  {
    "mobTemplateId": 78,
    "rangeMove": 33,
    "speed": 2,
    "type": 1,
    "dartType": 47,
    "hp": 2000000,
    "name": "Green monkey"
  },
  {
    "mobTemplateId": 79,
    "rangeMove": 33,
    "speed": 3,
    "type": 4,
    "dartType": 34,
    "hp": 3000000,
    "name": "Red Taburine"
  },
  {
    "mobTemplateId": 80,
    "rangeMove": 33,
    "speed": 2,
    "type": 1,
    "dartType": 10,
    "hp": 4000000,
    "name": "Cabira"
  },
  {
    "mobTemplateId": 81,
    "rangeMove": 33,
    "speed": 2,
    "type": 1,
    "dartType": 47,
    "hp": 5000000,
    "name": "Tobi"
  },
  {
    "mobTemplateId": 82,
    "rangeMove": 33,
    "speed": 2,
    "type": 1,
    "dartType": 43,
    "hp": 20000000,
    "name": "9-Tusk Elephant"
  },
  {
    "mobTemplateId": 83,
    "rangeMove": 33,
    "speed": 2,
    "type": 1,
    "dartType": 43,
    "hp": 12000000,
    "name": "9-Spur Cockerel"
  },
  {
    "mobTemplateId": 84,
    "rangeMove": 33,
    "speed": 2,
    "type": 1,
    "dartType": 43,
    "hp": 15000000,
    "name": "9-Mane Horse"
  },
  {
    "mobTemplateId": 85,
    "rangeMove": 33,
    "speed": 2,
    "type": 1,
    "dartType": 43,
    "hp": 2000000000,
    "name": "Piano"
  },
  {
    "mobTemplateId": 86,
    "rangeMove": 33,
    "speed": 2,
    "type": 1,
    "dartType": 62,
    "hp": 4000000,
    "name": "Face Frog"
  },
  {
    "mobTemplateId": 87,
    "rangeMove": 33,
    "speed": 2,
    "type": 4,
    "dartType": 66,
    "hp": 6000000,
    "name": "Jinai"
  },
  {
    "mobTemplateId": 88,
    "rangeMove": 33,
    "speed": 2,
    "type": 1,
    "dartType": 66,
    "hp": 1000000,
    "name": "Mez"
  },
  {
    "mobTemplateId": 89,
    "rangeMove": 33,
    "speed": 2,
    "type": 1,
    "dartType": 62,
    "hp": 1500000,
    "name": "Goz"
  },
  {
    "mobTemplateId": 90,
    "rangeMove": 33,
    "speed": 2,
    "type": 1,
    "dartType": 66,
    "hp": 1000000,
    "name": "Quỷ xanh lá"
  },
  {
    "mobTemplateId": 91,
    "rangeMove": 33,
    "speed": 2,
    "type": 1,
    "dartType": 62,
    "hp": 1500000,
    "name": "Quỷ vàng"
  },
  {
    "mobTemplateId": 92,
    "rangeMove": 33,
    "speed": 2,
    "type": 1,
    "dartType": 43,
    "hp": 1500000,
    "name": "Godzilla"
  },
  {
    "mobTemplateId": 93,
    "rangeMove": 33,
    "speed": 2,
    "type": 1,
    "dartType": 43,
    "hp": 1500000,
    "name": "Kong"
  }
]