[
  {
    "npcTemplateId": 0,
    "headId": 18,
    "bodyId": 19,
    "legId": 20,
    "name": "Gohan",
    "menu": [
      [
        "Chat"
      ]
    ]
  },
  {
    "npcTemplateId": 1,
    "headId": 24,
    "bodyId": 25,
    "legId": 26,
    "name": "Paragus",
    "menu": [
      [
        "Chat"
      ]
    ]
  },
  {
    "npcTemplateId": 2,
    "headId": 21,
    "bodyId": 22,
    "legId": 23,
    "name": "Moori",
    "menu": [
      [
        "Chat"
      ]
    ]
  },
  {
    "npcTemplateId": 3,
    "headId": 74,
    "bodyId": 75,
    "legId": 265,
    "name": "Chest",
    "menu": [
      [
        "Chat"
      ]
    ]
  },
  {
    "npcTemplateId": 4,
    "headId": 84,
    "bodyId": 51,
    "legId": 84,
    "name": "Senzu Tree",
    "menu": [
      [
        "Chat"
      ]
    ]
  },
  {
    "npcTemplateId": 5,
    "headId": 75,
    "bodyId": -1,
    "legId": -1,
    "name": "Cat",
    "menu": [
      [
        "Chat"
      ]
    ]
  },
  {
    "npcTemplateId": 6,
    "headId": -1,
    "bodyId": -1,
    "legId": -1,
    "name": "Area",
    "menu": [
      [
        "Chat"
      ]
    ]
  },
  {
    "npcTemplateId": 7,
    "headId": 42,
    "bodyId": 43,
    "legId": 44,
    "name": "Bulma",
    "menu": [
      [
        "Chat"
      ]
    ]
  },
  {
    "npcTemplateId": 8,
    "headId": 45,
    "bodyId": 46,
    "legId": 47,
    "name": "Dende",
    "menu": [
      [
        "Chat"
      ]
    ]
  },
  {
    "npcTemplateId": 9,
    "headId": 3,
    "bodyId": 4,
    "legId": 5,
    "name": "Appule",
    "menu": [
      [
        "Chat"
      ]
    ]
  },
  {
    "npcTemplateId": 10,
    "headId": 784,
    "bodyId": 785,
    "legId": 786,
    "name": "Dr. Brief",
    "menu": [
      [
        "Chat"
      ]
    ]
  },
  {
    "npcTemplateId": 11,
    "headId": 54,
    "bodyId": 55,
    "legId": 56,
    "name": "Cargo",
    "menu": [
      [
        "Chat"
      ]
    ]
  },
  {
    "npcTemplateId": 12,
    "headId": 48,
    "bodyId": 49,
    "legId": 50,
    "name": "Cui",
    "menu": [
      [
        "Chat"
      ]
    ]
  },
  {
    "npcTemplateId": 13,
    "headId": 33,
    "bodyId": 34,
    "legId": 35,
    "name": "Master Roshi",
    "menu": [
      [
        "Chat"
      ]
    ]
  },
  {
    "npcTemplateId": 14,
    "headId": 39,
    "bodyId": 40,
    "legId": 41,
    "name": "Guru elder",
    "menu": [
      [
        "Chat"
      ]
    ]
  },
  {
    "npcTemplateId": 15,
    "headId": 36,
    "bodyId": 37,
    "legId": 38,
    "name": "Vegeta king",
    "menu": [
      [
        "Chat"
      ]
    ]
  },
  {
    "npcTemplateId": 16,
    "headId": 61,
    "bodyId": 62,
    "legId": 63,
    "name": "Uron",
    "menu": [
      [
        "Chat"
      ]
    ]
  },
  {
    "npcTemplateId": 17,
    "headId": 80,
    "bodyId": 81,
    "legId": 82,
    "name": "Bora",
    "menu": [
      [
        "Chat"
      ]
    ]
  },
  {
    "npcTemplateId": 18,
    "headId": 89,
    "bodyId": 90,
    "legId": 91,
    "name": "Karin-sama",
    "menu": [
      [
        "Chat"
      ]
    ]
  },
  {
    "npcTemplateId": 19,
    "headId": 86,
    "bodyId": 87,
    "legId": 88,
    "name": "Kami-sama",
    "menu": [
      [
        "Chat"
      ]
    ]
  },
  {
    "npcTemplateId": 20,
    "headId": 98,
    "bodyId": 99,
    "legId": 100,
    "name": "Kaio-sama",
    "menu": [
      [
        "Chat"
      ]
    ]
  },
  {
    "npcTemplateId": 21,
    "headId": 117,
    "bodyId": 118,
    "legId": 119,
    "name": "Urinai obaba",
    "menu": [
      [
        "Chat"
      ]
    ]
  },
  {
    "npcTemplateId": 22,
    "headId": 114,
    "bodyId": 115,
    "legId": 116,
    "name": "Arbitration",
    "menu": [
      [
        "Chat"
      ]
    ]
  },
  {
    "npcTemplateId": 23,
    "headId": 120,
    "bodyId": 121,
    "legId": 122,
    "name": "Janitor",
    "menu": [
      [
        "Chat"
      ]
    ]
  },
  {
    "npcTemplateId": 24,
    "headId": 103,
    "bodyId": 104,
    "legId": 105,
    "name": "Shenron",
    "menu": [
      [
        "Chat"
      ]
    ]
  },
  {
    "npcTemplateId": 25,
    "headId": 132,
    "bodyId": 133,
    "legId": 134,
    "name": "Guard",
    "menu": [
      [
        "Chat"
      ]
    ]
  },
  {
    "npcTemplateId": 26,
    "headId": 144,
    "bodyId": 145,
    "legId": 146,
    "name": "Commander Red",
    "menu": [
      [
        "Chat"
      ]
    ]
  },
  {
    "npcTemplateId": 27,
    "headId": 0,
    "bodyId": 0,
    "legId": 0,
    "name": "Porunga",
    "menu": [
      [
        "Chat"
      ]
    ]
  },
  {
    "npcTemplateId": 28,
    "headId": 120,
    "bodyId": 121,
    "legId": 122,
    "name": "Vip Shop",
    "menu": [
      [
        "Chat"
      ]
    ]
  },
  {
    "npcTemplateId": 29,
    "headId": 204,
    "bodyId": 205,
    "legId": 206,
    "name": "Omega Shenron",
    "menu": [
      [
        "Chat"
      ]
    ]
  },
  {
    "npcTemplateId": 30,
    "headId": 207,
    "bodyId": 208,
    "legId": 209,
    "name": "The Two-Star Dragon",
    "menu": [
      [
        "Chat"
      ]
    ]
  },
  {
    "npcTemplateId": 31,
    "headId": 210,
    "bodyId": 211,
    "legId": 212,
    "name": "The Three-Star Dragon",
    "menu": [
      [
        "Chat"
      ]
    ]
  },
  {
    "npcTemplateId": 32,
    "headId": 213,
    "bodyId": 214,
    "legId": 215,
    "name": "The Four-Star Dragon",
    "menu": [
      [
        "Chat"
      ]
    ]
  },
  {
    "npcTemplateId": 33,
    "headId": 216,
    "bodyId": 217,
    "legId": 218,
    "name": "The Five-Star Dragon",
    "menu": [
      [
        "Chat"
      ]
    ]
  },
  {
    "npcTemplateId": 34,
    "headId": 219,
    "bodyId": 220,
    "legId": 221,
    "name": "The Six-Star Dragon",
    "menu": [
      [
        "Chat"
      ]
    ]
  },
  {
    "npcTemplateId": 35,
    "headId": 222,
    "bodyId": 223,
    "legId": 224,
    "name": "The Seven-Star Dragon",
    "menu": [
      [
        "Chat"
      ]
    ]
  },
  {
    "npcTemplateId": 36,
    "headId": 225,
    "bodyId": 226,
    "legId": 227,
    "name": "The One-Star Dragon",
    "menu": [
      [
        "Chat"
      ]
    ]
  },
  {
    "npcTemplateId": 37,
    "headId": 267,
    "bodyId": 268,
    "legId": 269,
    "name": "Bulma",
    "menu": [
      [
        "Chat"
      ]
    ]
  },
  {
    "npcTemplateId": 38,
    "headId": 270,
    "bodyId": 271,
    "legId": 272,
    "name": "Trunk",
    "menu": [
      [
        "Chat"
      ]
    ]
  },
  {
    "npcTemplateId": 39,
    "headId": 300,
    "bodyId": 301,
    "legId": 302,
    "name": "Satan",
    "menu": [
      [
        "Chat"
      ]
    ]
  },
  {
    "npcTemplateId": 40,
    "headId": 297,
    "bodyId": 298,
    "legId": 299,
    "name": "Fat Majin Boo",
    "menu": [
      [
        "Chat"
      ]
    ]
  },
  {
    "npcTemplateId": 41,
    "headId": 120,
    "bodyId": 121,
    "legId": 122,
    "name": "Mid-Autumn",
    "menu": [
      [
        "Chat"
      ]
    ]
  },
  {
    "npcTemplateId": 42,
    "headId": 442,
    "bodyId": 443,
    "legId": 444,
    "name": "Namek King",
    "menu": [
      [
        "Chat"
      ]
    ]
  },
  {
    "npcTemplateId": 43,
    "headId": 448,
    "bodyId": 449,
    "legId": 450,
    "name": "Old Kai",
    "menu": [
      [
        "Chat"
      ]
    ]
  },
  {
    "npcTemplateId": 44,
    "headId": 433,
    "bodyId": 434,
    "legId": 435,
    "name": "Kaioshin",
    "menu": [
      [
        "Chat"
      ]
    ]
  },
  {
    "npcTemplateId": 45,
    "headId": 436,
    "bodyId": 437,
    "legId": 438,
    "name": "Kibit",
    "menu": [
      [
        "Chat"
      ]
    ]
  },
  {
    "npcTemplateId": 46,
    "headId": 430,
    "bodyId": 431,
    "legId": 432,
    "name": "Babidi",
    "menu": [
      [
        "Chat"
      ]
    ]
  },
  {
    "npcTemplateId": 47,
    "headId": 445,
    "bodyId": 446,
    "legId": 447,
    "name": "Ox-King",
    "menu": [
      [
        "Chat"
      ]
    ]
  },
  {
    "npcTemplateId": 48,
    "headId": 462,
    "bodyId": 470,
    "legId": 471,
    "name": "Monkey King",
    "menu": [
      [
        "Chat"
      ]
    ]
  },
  {
    "npcTemplateId": 49,
    "headId": 467,
    "bodyId": 468,
    "legId": 469,
    "name": "Tang Sanzang",
    "menu": [
      [
        "Chat"
      ]
    ]
  },
  {
    "npcTemplateId": 50,
    "headId": -1,
    "bodyId": -1,
    "legId": -1,
    "name": "Egg",
    "menu": [
      [
        "Chat"
      ]
    ]
  },
  {
    "npcTemplateId": 51,
    "headId": -1,
    "bodyId": -1,
    "legId": -1,
    "name": "Watermelon",
    "menu": [
      [
        "Chat"
      ]
    ]
  },
  {
    "npcTemplateId": 52,
    "headId": 484,
    "bodyId": 485,
    "legId": 486,
    "name": "Bear King",
    "menu": [
      [
        "Chat"
      ]
    ]
  },
  {
    "npcTemplateId": 53,
    "headId": 481,
    "bodyId": 482,
    "legId": 483,
    "name": "Tapion",
    "menu": [
      [
        "Chat"
      ]
    ]
  },
  {
    "npcTemplateId": 54,
    "headId": 487,
    "bodyId": 488,
    "legId": 489,
    "name": "Launch",
    "menu": [
      [
        "Chat"
      ]
    ]
  },
  {
    "npcTemplateId": 55,
    "headId": 508,
    "bodyId": 509,
    "legId": 510,
    "name": "Beerus",
    "menu": [
      [
        "Chat"
      ]
    ]
  },
  {
    "npcTemplateId": 56,
    "headId": 505,
    "bodyId": 506,
    "legId": 507,
    "name": "Whis",
    "menu": [
      [
        "Chat"
      ]
    ]
  },
  {
    "npcTemplateId": 57,
    "headId": 511,
    "bodyId": 512,
    "legId": 513,
    "name": "Champa",
    "menu": [
      [
        "Chat"
      ]
    ]
  },
  {
    "npcTemplateId": 58,
    "headId": 530,
    "bodyId": 531,
    "legId": 532,
    "name": "Vados",
    "menu": [
      [
        "Chat"
      ]
    ]
  },
  {
    "npcTemplateId": 59,
    "headId": 533,
    "bodyId": 534,
    "legId": 535,
    "name": "Arbitration",
    "menu": [
      [
        "Chat"
      ]
    ]
  },
  {
    "npcTemplateId": 60,
    "headId": 101,
    "bodyId": 57,
    "legId": 66,
    "name": "Goku SSJ",
    "menu": [
      [
        "Chat"
      ]
    ]
  },
  {
    "npcTemplateId": 61,
    "headId": 0,
    "bodyId": 523,
    "legId": 524,
    "name": "Goku SSJ",
    "menu": [
      [
        "Chat"
      ]
    ]
  },
  {
    "npcTemplateId": 62,
    "headId": 621,
    "bodyId": 622,
    "legId": 623,
    "name": "Potage",
    "menu": [
      [
        "Chat"
      ]
    ]
  },
  {
    "npcTemplateId": 63,
    "headId": 624,
    "bodyId": 625,
    "legId": 626,
    "name": "Jaco",
    "menu": [
      [
        "Chat"
      ]
    ]
  },
  {
    "npcTemplateId": 64,
    "headId": 703,
    "bodyId": 704,
    "legId": 705,
    "name": "",
    "menu": [
      [
        "Chat"
      ]
    ]
  },
  {
    "npcTemplateId": 65,
    "headId": 77,
    "bodyId": 78,
    "legId": 79,
    "name": "Yarirobe",
    "menu": [
      [
        "Chat"
      ]
    ]
  },
  {
    "npcTemplateId": 66,
    "headId": 766,
    "bodyId": 767,
    "legId": 768,
    "name": "Cooking pot",
    "menu": [
      [
        "Chat"
      ]
    ]
  },
  {
    "npcTemplateId": 67,
    "headId": 83,
    "bodyId": 84,
    "legId": 85,
    "name": "Mr Popo",
    "menu": [
      [
        "Chat"
      ]
    ]
  },
  {
    "npcTemplateId": 68,
    "headId": 787,
    "bodyId": 788,
    "legId": 789,
    "name": "Panchy",
    "menu": [
      [
        "Chat"
      ]
    ]
  },
  {
    "npcTemplateId": 69,
    "headId": 403,
    "bodyId": 404,
    "legId": 405,
    "name": "Rabbit Boss",
    "menu": [
      [
        "Chat"
      ]
    ]
  },
  {
    "npcTemplateId": 70,
    "headId": 1012,
    "bodyId": 1013,
    "legId": 1014,
    "name": "Bardock",
    "menu": [
      [
        "Chat"
      ]
    ]
  },
  {
    "npcTemplateId": 71,
    "headId": 1015,
    "bodyId": 1016,
    "legId": 1017,
    "name": "Berry",
    "menu": [
      [
        "Chat"
      ]
    ]
  },
  {
    "npcTemplateId": 72,
    "headId": 645,
    "bodyId": 646,
    "legId": 647,
    "name": "Vegeta",
    "menu": [
      [
        "Chat"
      ]
    ]
  },
  {
    "npcTemplateId": 73,
    "headId": 1062,
    "bodyId": 1063,
    "legId": 1064,
    "name": "Frieza",
    "menu": [
      [
        "Chat"
      ]
    ]
  },
  {
    "npcTemplateId": 74,
    "headId": 1143,
    "bodyId": 1144,
    "legId": 1145,
    "name": "Tori-Bot",
    "menu": [
      [
        "Chat"
      ]
    ]
  },
  {
    "npcTemplateId": 75,
    "headId": 1251,
    "bodyId": 1252,
    "legId": 1253,
    "name": "King Furry",
    "menu": [
      [
        "Chat"
      ]
    ]
  },
  {
    "npcTemplateId": 76,
    "headId": 1258,
    "bodyId": 1259,
    "legId": 1260,
    "name": "Mai",
    "menu": [
      [
        "Chat"
      ]
    ]
  },
  {
    "npcTemplateId": 77,
    "headId": 1261,
    "bodyId": 1262,
    "legId": 1263,
    "name": "Fu",
    "menu": [
      [
        "Chat"
      ]
    ]
  },
  {
    "npcTemplateId": 78,
    "headId": 1279,
    "bodyId": 1280,
    "legId": 1281,
    "name": "test16",
    "menu": [
      [
        "Chat"
      ]
    ]
  },
  {
    "npcTemplateId": 79,
    "headId": 1288,
    "bodyId": 1289,
    "legId": 1290,
    "name": "",
    "menu": [
      [
        "Chat"
      ]
    ]
  },
  {
    "npcTemplateId": 80,
    "headId": 1311,
    "bodyId": 1312,
    "legId": 1313,
    "name": "Rose",
    "menu": [
      [
        "Chat"
      ]
    ]
  },
  {
    "npcTemplateId": 81,
    "headId": 1461,
    "bodyId": 1462,
    "legId": 1463,
    "name": "",
    "menu": [
      [
        "Chat"
      ]
    ]
  },
  {
    "npcTemplateId": 82,
    "headId": 1098,
    "bodyId": 1099,
    "legId": 1100,
    "name": "Chi Chi",
    "menu": [
      [
        "Chat"
      ]
    ]
  }
]