[
  {
    "classId": 0,
    "name": "Trái đất",
    "skillTemplates": [
      {
        "id": 0,
        "maxPoint": 7,
        "manaUseType": 0,
        "type": 1,
        "icon": 539,
        "name": "Chiêu đấm Dragon",
        "description": "Tấn công cận chiến",
        "damInfo": "Tăng sức đánh: #%",
        "skills": [
          {
            "point": 1,
            "maxFight": 1,
            "manaUse": 1,
            "skillId": 0,
            "dx": 32,
            "dy": 18,
            "damage": 100,
            "price": 0,
            "coolDown": 500,
            "powRequire": 1000,
            "moreInfo": "tại ông nội ngay lúc đầu"
          },
          {
            "point": 2,
            "maxFight": 1,
            "manaUse": 2,
            "skillId": 1,
            "dx": 34,
            "dy": 18,
            "damage": 110,
            "price": 10,
            "coolDown": 500,
            "powRequire": 10000,
            "moreInfo": "tại ông nội"
          },
          {
            "point": 3,
            "maxFight": 1,
            "manaUse": 4,
            "skillId": 2,
            "dx": 36,
            "dy": 18,
            "damage": 120,
            "price": 50,
            "coolDown": 500,
            "powRequire": 22000,
            "moreInfo": "tại Quy Lão Kame"
          },
          {
            "point": 4,
            "maxFight": 1,
            "manaUse": 8,
            "skillId": 3,
            "dx": 38,
            "dy": 18,
            "damage": 130,
            "price": 100,
            "coolDown": 500,
            "powRequire": 66000,
            "moreInfo": "tại Quy Lão Kame"
          },
          {
            "point": 5,
            "maxFight": 1,
            "manaUse": 16,
            "skillId": 4,
            "dx": 40,
            "dy": 18,
            "damage": 140,
            "price": 500,
            "coolDown": 500,
            "powRequire": 200000,
            "moreInfo": "tại Quy Lão Kame"
          },
          {
            "point": 6,
            "maxFight": 1,
            "manaUse": 32,
            "skillId": 5,
            "dx": 42,
            "dy": 18,
            "damage": 150,
            "price": 1000,
            "coolDown": 500,
            "powRequire": 600000,
            "moreInfo": "tại Quy Lão Kame"
          },
          {
            "point": 7,
            "maxFight": 1,
            "manaUse": 70,
            "skillId": 6,
            "dx": 44,
            "dy": 18,
            "damage": 160,
            "price": 2000,
            "coolDown": 500,
            "powRequire": 1800000,
            "moreInfo": "tại Quy Lão Kame"
          }
        ]
      },
      {
        "id": 1,
        "maxPoint": 7,
        "manaUseType": 0,
        "type": 1,
        "icon": 540,
        "name": "Chiêu Kamejoko",
        "description": "Đánh xa nhờ năng lượng",
        "damInfo": "Tăng sức đánh: #%",
        "skills": [
          {
            "point": 1,
            "maxFight": 1,
            "manaUse": 30,
            "skillId": 7,
            "dx": 160,
            "dy": 160,
            "damage": 150,
            "price": 500,
            "coolDown": 2000,
            "powRequire": 10000,
            "moreInfo": "(Kame joko) Học tại Sư Phụ"
          },
          {
            "point": 2,
            "maxFight": 1,
            "manaUse": 60,
            "skillId": 8,
            "dx": 170,
            "dy": 170,
            "damage": 200,
            "price": 1000,
            "coolDown": 2500,
            "powRequire": 20000,
            "moreInfo": "(Kame joko) Học tại Sư Phụ"
          },
          {
            "point": 3,
            "maxFight": 1,
            "manaUse": 120,
            "skillId": 9,
            "dx": 180,
            "dy": 180,
            "damage": 250,
            "price": 2000,
            "coolDown": 3000,
            "powRequire": 60000,
            "moreInfo": "(Kame joko) Học tại Sư Phụ"
          },
          {
            "point": 4,
            "maxFight": 1,
            "manaUse": 240,
            "skillId": 10,
            "dx": 190,
            "dy": 190,
            "damage": 300,
            "price": 4000,
            "coolDown": 3500,
            "powRequire": 180000,
            "moreInfo": "(Kame joko) Học tại Sư Phụ"
          },
          {
            "point": 5,
            "maxFight": 1,
            "manaUse": 480,
            "skillId": 11,
            "dx": 200,
            "dy": 200,
            "damage": 350,
            "price": 8000,
            "coolDown": 4000,
            "powRequire": 540000,
            "moreInfo": "(Kame joko) Học tại Sư Phụ"
          },
          {
            "point": 6,
            "maxFight": 1,
            "manaUse": 960,
            "skillId": 12,
            "dx": 210,
            "dy": 210,
            "damage": 400,
            "price": 9999,
            "coolDown": 4500,
            "powRequire": 1600000,
            "moreInfo": "(Kame joko) Học tại Sư Phụ"
          },
          {
            "point": 7,
            "maxFight": 1,
            "manaUse": 1280,
            "skillId": 13,
            "dx": 220,
            "dy": 220,
            "damage": 450,
            "price": 9999,
            "coolDown": 5000,
            "powRequire": 4800000,
            "moreInfo": "(Kame joko) Học tại Sư Phụ"
          }
        ]
      },
      {
        "id": 6,
        "maxPoint": 7,
        "manaUseType": 1,
        "type": 3,
        "icon": 717,
        "name": "Thái Dương Hạ San",
        "description": "Làm chói mắt đối phương",
        "damInfo": "Thời gian tác dụng: # mili giây",
        "skills": [
          {
            "point": 1,
            "maxFight": 1,
            "manaUse": 45,
            "skillId": 42,
            "dx": 150,
            "dy": 150,
            "damage": 3000,
            "price": 500,
            "coolDown": 60000,
            "powRequire": 60000,
            "moreInfo": "(TDHS 1) Học tại Quy Lão Kame"
          },
          {
            "point": 2,
            "maxFight": 1,
            "manaUse": 40,
            "skillId": 43,
            "dx": 180,
            "dy": 180,
            "damage": 4000,
            "price": 1000,
            "coolDown": 55000,
            "powRequire": 120000,
            "moreInfo": "(TDHS 2) Học tại Quy Lão Kame"
          },
          {
            "point": 3,
            "maxFight": 1,
            "manaUse": 35,
            "skillId": 44,
            "dx": 210,
            "dy": 210,
            "damage": 5000,
            "price": 2000,
            "coolDown": 50000,
            "powRequire": 360000,
            "moreInfo": "(TDHS 3) Học tại Quy Lão Kame"
          },
          {
            "point": 4,
            "maxFight": 1,
            "manaUse": 30,
            "skillId": 45,
            "dx": 240,
            "dy": 240,
            "damage": 6000,
            "price": 4000,
            "coolDown": 45000,
            "powRequire": 1000000,
            "moreInfo": "(TDHS 4) Học tại Thần Vũ Trụ"
          },
          {
            "point": 5,
            "maxFight": 1,
            "manaUse": 25,
            "skillId": 46,
            "dx": 270,
            "dy": 270,
            "damage": 7000,
            "price": 8000,
            "coolDown": 40000,
            "powRequire": 3200000,
            "moreInfo": "(TDHS 5) Học tại Thần Vũ Trụ"
          },
          {
            "point": 6,
            "maxFight": 1,
            "manaUse": 20,
            "skillId": 47,
            "dx": 300,
            "dy": 300,
            "damage": 8000,
            "price": 9999,
            "coolDown": 35000,
            "powRequire": 10000000,
            "moreInfo": "(TDHS 6) Học tại Thần Vũ Trụ"
          },
          {
            "point": 7,
            "maxFight": 1,
            "manaUse": 15,
            "skillId": 48,
            "dx": 330,
            "dy": 330,
            "damage": 9000,
            "price": 9999,
            "coolDown": 30000,
            "powRequire": 30000000,
            "moreInfo": "(TDHS 7) Học tại Thần Vũ Trụ"
          }
        ]
      },
      {
        "id": 9,
        "maxPoint": 7,
        "manaUseType": 0,
        "type": 1,
        "icon": 716,
        "name": "Kaioken",
        "description": "Tấn công cận chiến, mức sát thương lớn",
        "damInfo": "Tăng sức đánh: #%",
        "skills": [
          {
            "point": 2,
            "maxFight": 1,
            "manaUse": 13000,
            "skillId": 64,
            "dx": 32,
            "dy": 32,
            "damage": 170,
            "price": 9999,
            "coolDown": 500,
            "powRequire": 200000000,
            "moreInfo": "(Kaioken 2)"
          },
          {
            "point": 3,
            "maxFight": 1,
            "manaUse": 15000,
            "skillId": 65,
            "dx": 32,
            "dy": 32,
            "damage": 180,
            "price": 9999,
            "coolDown": 500,
            "powRequire": 250000000,
            "moreInfo": "(Kaioken 3)"
          },
          {
            "point": 4,
            "maxFight": 1,
            "manaUse": 18000,
            "skillId": 66,
            "dx": 32,
            "dy": 32,
            "damage": 190,
            "price": 9999,
            "coolDown": 500,
            "powRequire": 300000000,
            "moreInfo": "(Kaioken 4)"
          },
          {
            "point": 5,
            "maxFight": 1,
            "manaUse": 21000,
            "skillId": 67,
            "dx": 32,
            "dy": 32,
            "damage": 200,
            "price": 9999,
            "coolDown": 500,
            "powRequire": 350000000,
            "moreInfo": "(Kaioken 5)"
          },
          {
            "point": 6,
            "maxFight": 1,
            "manaUse": 24000,
            "skillId": 68,
            "dx": 32,
            "dy": 32,
            "damage": 210,
            "price": 9999,
            "coolDown": 500,
            "powRequire": 400000000,
            "moreInfo": "(Kaioken 6)"
          },
          {
            "point": 7,
            "maxFight": 1,
            "manaUse": 27000,
            "skillId": 69,
            "dx": 32,
            "dy": 32,
            "damage": 220,
            "price": 9999,
            "coolDown": 500,
            "powRequire": 450000000,
            "moreInfo": "(Kaioken 7)"
          },
          {
            "point": 1,
            "maxFight": 1,
            "manaUse": 9000,
            "skillId": 63,
            "dx": 32,
            "dy": 32,
            "damage": 160,
            "price": 9999,
            "coolDown": 500,
            "powRequire": 150000000,
            "moreInfo": "(Kaioken 1)"
          }
        ]
      },
      {
        "id": 10,
        "maxPoint": 7,
        "manaUseType": 1,
        "type": 1,
        "icon": 711,
        "name": "Quả cầu kênh khi",
        "description": "Quả cầu năng lượng có mức sát thương cực lớn",
        "damInfo": "Gây sát thương #%",
        "skills": [
          {
            "point": 1,
            "maxFight": 1,
            "manaUse": 50,
            "skillId": 70,
            "dx": 300,
            "dy": 300,
            "damage": 500,
            "price": 9999,
            "coolDown": 360000,
            "powRequire": 500000000,
            "moreInfo": "(Quả cầu kênh khi 1)"
          },
          {
            "point": 2,
            "maxFight": 1,
            "manaUse": 55,
            "skillId": 71,
            "dx": 400,
            "dy": 400,
            "damage": 600,
            "price": 9999,
            "coolDown": 350000,
            "powRequire": 600000000,
            "moreInfo": "(Quả cầu kênh khi 2)"
          },
          {
            "point": 3,
            "maxFight": 1,
            "manaUse": 60,
            "skillId": 72,
            "dx": 500,
            "dy": 500,
            "damage": 700,
            "price": 9999,
            "coolDown": 340000,
            "powRequire": 700000000,
            "moreInfo": "(Quả cầu kênh khi 3)"
          },
          {
            "point": 4,
            "maxFight": 1,
            "manaUse": 65,
            "skillId": 73,
            "dx": 600,
            "dy": 600,
            "damage": 800,
            "price": 9999,
            "coolDown": 330000,
            "powRequire": 800000000,
            "moreInfo": "(Quả cầu kênh khi 4)"
          },
          {
            "point": 5,
            "maxFight": 1,
            "manaUse": 70,
            "skillId": 74,
            "dx": 700,
            "dy": 700,
            "damage": 900,
            "price": 9999,
            "coolDown": 320000,
            "powRequire": 900000000,
            "moreInfo": "(Quả cầu kênh khi 5)"
          },
          {
            "point": 6,
            "maxFight": 1,
            "manaUse": 75,
            "skillId": 75,
            "dx": 800,
            "dy": 800,
            "damage": 1000,
            "price": 9999,
            "coolDown": 310000,
            "powRequire": 1000000000,
            "moreInfo": "(Quả cầu kênh khi 6)"
          },
          {
            "point": 7,
            "maxFight": 1,
            "manaUse": 80,
            "skillId": 76,
            "dx": 900,
            "dy": 900,
            "damage": 1100,
            "price": 9999,
            "coolDown": 300000,
            "powRequire": 1100000000,
            "moreInfo": "(Quả cầu kênh khi 7)"
          }
        ]
      },
      {
        "id": 20,
        "maxPoint": 7,
        "manaUseType": 0,
        "type": 1,
        "icon": 3783,
        "name": "Dịch chuyển tức thời",
        "description": "Dịch chuyển tức thời",
        "damInfo": "Dịch chuyển tức thời và gây choáng kẻ thù",
        "skills": [
          {
            "point": 1,
            "maxFight": 1,
            "manaUse": 5000,
            "skillId": 128,
            "dx": 5000,
            "dy": 5000,
            "damage": 1000,
            "price": 9999,
            "coolDown": 20000,
            "powRequire": 10000000,
            "moreInfo": "Dịch chuyển tức thời"
          },
          {
            "point": 2,
            "maxFight": 1,
            "manaUse": 7000,
            "skillId": 129,
            "dx": 5000,
            "dy": 5000,
            "damage": 1500,
            "price": 9999,
            "coolDown": 19000,
            "powRequire": 25000000,
            "moreInfo": "Dịch chuyển tức thời"
          },
          {
            "point": 3,
            "maxFight": 1,
            "manaUse": 10000,
            "skillId": 130,
            "dx": 5000,
            "dy": 5000,
            "damage": 2000,
            "price": 9999,
            "coolDown": 18000,
            "powRequire": 50000000,
            "moreInfo": "Dịch chuyển tức thời"
          },
          {
            "point": 4,
            "maxFight": 1,
            "manaUse": 15000,
            "skillId": 131,
            "dx": 5000,
            "dy": 5000,
            "damage": 2500,
            "price": 9999,
            "coolDown": 17000,
            "powRequire": 125000000,
            "moreInfo": "Dịch chuyển tức thời"
          },
          {
            "point": 5,
            "maxFight": 1,
            "manaUse": 20000,
            "skillId": 132,
            "dx": 5000,
            "dy": 5000,
            "damage": 3000,
            "price": 9999,
            "coolDown": 16000,
            "powRequire": 625000000,
            "moreInfo": "Dịch chuyển tức thời"
          },
          {
            "point": 6,
            "maxFight": 1,
            "manaUse": 25000,
            "skillId": 133,
            "dx": 5000,
            "dy": 5000,
            "damage": 3500,
            "price": 9999,
            "coolDown": 15000,
            "powRequire": 3125000000,
            "moreInfo": "Dịch chuyển tức thời"
          },
          {
            "point": 7,
            "maxFight": 1,
            "manaUse": 30000,
            "skillId": 134,
            "dx": 5000,
            "dy": 5000,
            "damage": 4000,
            "price": 9999,
            "coolDown": 14000,
            "powRequire": 15625000000,
            "moreInfo": "Dịch chuyển tức thời"
          }
        ]
      },
      {
        "id": 22,
        "maxPoint": 7,
        "manaUseType": 0,
        "type": 1,
        "icon": 3782,
        "name": "Thôi miên",
        "description": "Thôi miên",
        "damInfo": "Ru ngủ kẻ thù # giây",
        "skills": [
          {
            "point": 1,
            "maxFight": 1,
            "manaUse": 10000,
            "skillId": 142,
            "dx": 200,
            "dy": 200,
            "damage": 5,
            "price": 9999,
            "coolDown": 30000,
            "powRequire": 10000000,
            "moreInfo": "Thôi Miên"
          },
          {
            "point": 2,
            "maxFight": 1,
            "manaUse": 10000,
            "skillId": 143,
            "dx": 200,
            "dy": 200,
            "damage": 6,
            "price": 9999,
            "coolDown": 32000,
            "powRequire": 25000000,
            "moreInfo": "Thôi Miên"
          },
          {
            "point": 3,
            "maxFight": 1,
            "manaUse": 10000,
            "skillId": 144,
            "dx": 200,
            "dy": 200,
            "damage": 7,
            "price": 9999,
            "coolDown": 34000,
            "powRequire": 50000000,
            "moreInfo": "Thôi Miên"
          },
          {
            "point": 4,
            "maxFight": 1,
            "manaUse": 10000,
            "skillId": 145,
            "dx": 200,
            "dy": 200,
            "damage": 8,
            "price": 9999,
            "coolDown": 36000,
            "powRequire": 125000000,
            "moreInfo": "Thôi Miên"
          },
          {
            "point": 5,
            "maxFight": 1,
            "manaUse": 10000,
            "skillId": 146,
            "dx": 200,
            "dy": 200,
            "damage": 9,
            "price": 9999,
            "coolDown": 38000,
            "powRequire": 625000000,
            "moreInfo": "Thôi Miên"
          },
          {
            "point": 6,
            "maxFight": 1,
            "manaUse": 10000,
            "skillId": 147,
            "dx": 200,
            "dy": 200,
            "damage": 10,
            "price": 9999,
            "coolDown": 40000,
            "powRequire": 3125000000,
            "moreInfo": "Thôi Miên"
          },
          {
            "point": 7,
            "maxFight": 1,
            "manaUse": 10000,
            "skillId": 148,
            "dx": 200,
            "dy": 200,
            "damage": 11,
            "price": 9999,
            "coolDown": 42000,
            "powRequire": 15625000000,
            "moreInfo": "Thôi Miên"
          }
        ]
      },
      {
        "id": 19,
        "maxPoint": 7,
        "manaUseType": 1,
        "type": 3,
        "icon": 3784,
        "name": "Khiên năng lượng",
        "description": "Khiên năng lượng",
        "damInfo": "Vô hiệu các đòn tấn công",
        "skills": [
          {
            "point": 1,
            "maxFight": 1,
            "manaUse": 51,
            "skillId": 121,
            "dx": 0,
            "dy": 0,
            "damage": 15,
            "price": 9999,
            "coolDown": 75000,
            "powRequire": 10000000,
            "moreInfo": "Khiên năng lượng 1"
          },
          {
            "point": 2,
            "maxFight": 1,
            "manaUse": 48,
            "skillId": 122,
            "dx": 0,
            "dy": 0,
            "damage": 20,
            "price": 9999,
            "coolDown": 80000,
            "powRequire": 25000000,
            "moreInfo": "Khiên năng lượng 2"
          },
          {
            "point": 3,
            "maxFight": 1,
            "manaUse": 45,
            "skillId": 123,
            "dx": 0,
            "dy": 0,
            "damage": 25,
            "price": 9999,
            "coolDown": 85000,
            "powRequire": 50000000,
            "moreInfo": "Khiên năng lượng 3"
          },
          {
            "point": 4,
            "maxFight": 1,
            "manaUse": 42,
            "skillId": 124,
            "dx": 0,
            "dy": 0,
            "damage": 30,
            "price": 9999,
            "coolDown": 90000,
            "powRequire": 125000000,
            "moreInfo": "Khiên năng lượng 4"
          },
          {
            "point": 5,
            "maxFight": 1,
            "manaUse": 39,
            "skillId": 125,
            "dx": 0,
            "dy": 0,
            "damage": 35,
            "price": 9999,
            "coolDown": 95000,
            "powRequire": 625000000,
            "moreInfo": "Khiên năng lượng 5"
          },
          {
            "point": 6,
            "maxFight": 1,
            "manaUse": 36,
            "skillId": 126,
            "dx": 0,
            "dy": 0,
            "damage": 40,
            "price": 9999,
            "coolDown": 100000,
            "powRequire": 3125000000,
            "moreInfo": "Khiên năng lượng 6"
          },
          {
            "point": 7,
            "maxFight": 1,
            "manaUse": 33,
            "skillId": 127,
            "dx": 0,
            "dy": 0,
            "damage": 45,
            "price": 9999,
            "coolDown": 105000,
            "powRequire": 15625000000,
            "moreInfo": "Khiên năng lượng 7"
          }
        ]
      }
    ]
  },
  {
    "classId": 1,
    "name": "Namec",
    "skillTemplates": [
      {
        "id": 2,
        "maxPoint": 7,
        "manaUseType": 0,
        "type": 1,
        "icon": 539,
        "name": "Chiêu đấm Demon",
        "description": "Tấn công cận chiến",
        "damInfo": "Tăng sức đánh: #%",
        "skills": [
          {
            "point": 1,
            "maxFight": 1,
            "manaUse": 1,
            "skillId": 14,
            "dx": 24,
            "dy": 18,
            "damage": 95,
            "price": 0,
            "coolDown": 400,
            "powRequire": 1000,
            "moreInfo": "(Đấm Demon 1) Học tại Sư Phụ"
          },
          {
            "point": 2,
            "maxFight": 1,
            "manaUse": 2,
            "skillId": 15,
            "dx": 26,
            "dy": 18,
            "damage": 105,
            "price": 10,
            "coolDown": 400,
            "powRequire": 10000,
            "moreInfo": "(Đấm Demon 2) Học tại Sư Phụ"
          },
          {
            "point": 3,
            "maxFight": 1,
            "manaUse": 4,
            "skillId": 16,
            "dx": 28,
            "dy": 18,
            "damage": 115,
            "price": 50,
            "coolDown": 400,
            "powRequire": 22000,
            "moreInfo": "(Đấm Demon 3) Học tại Sư Phụ"
          },
          {
            "point": 4,
            "maxFight": 1,
            "manaUse": 8,
            "skillId": 17,
            "dx": 30,
            "dy": 18,
            "damage": 125,
            "price": 100,
            "coolDown": 400,
            "powRequire": 66000,
            "moreInfo": "(Đấm Demon 4) Học tại Sư Phụ"
          },
          {
            "point": 5,
            "maxFight": 1,
            "manaUse": 16,
            "skillId": 18,
            "dx": 32,
            "dy": 18,
            "damage": 135,
            "price": 1000,
            "coolDown": 400,
            "powRequire": 200000,
            "moreInfo": "(Đấm Demon 5) Học tại Sư Phụ"
          },
          {
            "point": 6,
            "maxFight": 1,
            "manaUse": 32,
            "skillId": 19,
            "dx": 34,
            "dy": 18,
            "damage": 145,
            "price": 2000,
            "coolDown": 400,
            "powRequire": 600000,
            "moreInfo": "(Đấm Demon 6) Học tại Sư Phụ"
          },
          {
            "point": 7,
            "maxFight": 1,
            "manaUse": 70,
            "skillId": 20,
            "dx": 36,
            "dy": 18,
            "damage": 155,
            "price": 4000,
            "coolDown": 400,
            "powRequire": 1800000,
            "moreInfo": "(Đấm Demon 7) Học tại Sư Phụ"
          }
        ]
      },
      {
        "id": 3,
        "maxPoint": 7,
        "manaUseType": 0,
        "type": 1,
        "icon": 540,
        "name": "Chiêu Masenko",
        "description": "Đánh xa nhờ năng lượng",
        "damInfo": "Tăng sức đánh: #%",
        "skills": [
          {
            "point": 1,
            "maxFight": 1,
            "manaUse": 8,
            "skillId": 21,
            "dx": 140,
            "dy": 140,
            "damage": 100,
            "price": 500,
            "coolDown": 800,
            "powRequire": 10000,
            "moreInfo": "(Masenko 1) Học tại Sư Phụ sau khi làm nhiệm vụ tìm truyện Doremon"
          },
          {
            "point": 2,
            "maxFight": 1,
            "manaUse": 16,
            "skillId": 22,
            "dx": 150,
            "dy": 150,
            "damage": 110,
            "price": 1000,
            "coolDown": 790,
            "powRequire": 20000,
            "moreInfo": "(Masenko 2) Học tại Sư Phụ"
          },
          {
            "point": 3,
            "maxFight": 1,
            "manaUse": 32,
            "skillId": 23,
            "dx": 160,
            "dy": 160,
            "damage": 120,
            "price": 2000,
            "coolDown": 780,
            "powRequire": 60000,
            "moreInfo": "(Masenko 3) Học tại Sư Phụ"
          },
          {
            "point": 4,
            "maxFight": 1,
            "manaUse": 64,
            "skillId": 24,
            "dx": 170,
            "dy": 170,
            "damage": 130,
            "price": 4000,
            "coolDown": 760,
            "powRequire": 180000,
            "moreInfo": "(Masenko 4) Học tại Sư Phụ"
          },
          {
            "point": 5,
            "maxFight": 1,
            "manaUse": 128,
            "skillId": 25,
            "dx": 180,
            "dy": 180,
            "damage": 140,
            "price": 8000,
            "coolDown": 740,
            "powRequire": 540000,
            "moreInfo": "(Masenko 5) Học tại Sư Phụ"
          },
          {
            "point": 6,
            "maxFight": 1,
            "manaUse": 256,
            "skillId": 26,
            "dx": 190,
            "dy": 190,
            "damage": 150,
            "price": 9999,
            "coolDown": 720,
            "powRequire": 1600000,
            "moreInfo": "(Masenko 6) Học tại Sư Phụ"
          },
          {
            "point": 7,
            "maxFight": 1,
            "manaUse": 512,
            "skillId": 27,
            "dx": 200,
            "dy": 200,
            "damage": 160,
            "price": 9999,
            "coolDown": 700,
            "powRequire": 4800000,
            "moreInfo": "(Masenko 7) Học tại Sư Phụ"
          }
        ]
      },
      {
        "id": 7,
        "maxPoint": 7,
        "manaUseType": 1,
        "type": 2,
        "icon": 724,
        "name": "Trị thương",
        "description": "Phục hồi HP KI cho đồng đội",
        "damInfo": "Phục hồi #% HP và KI cho đồng đội",
        "skills": [
          {
            "point": 1,
            "maxFight": 1,
            "manaUse": 40,
            "skillId": 49,
            "dx": 100,
            "dy": 100,
            "damage": 50,
            "price": 500,
            "coolDown": 30000,
            "powRequire": 60000,
            "moreInfo": "(Phục hồi Namek 1) Học tại sư phụ"
          },
          {
            "point": 2,
            "maxFight": 1,
            "manaUse": 35,
            "skillId": 50,
            "dx": 105,
            "dy": 105,
            "damage": 55,
            "price": 1000,
            "coolDown": 32000,
            "powRequire": 120000,
            "moreInfo": "(Phục hồi Namek 2) Học tại sư phụ"
          },
          {
            "point": 3,
            "maxFight": 1,
            "manaUse": 30,
            "skillId": 51,
            "dx": 110,
            "dy": 110,
            "damage": 60,
            "price": 2000,
            "coolDown": 34000,
            "powRequire": 360000,
            "moreInfo": "(Phục hồi Namek 3) Học tại sư phụ"
          },
          {
            "point": 4,
            "maxFight": 1,
            "manaUse": 25,
            "skillId": 52,
            "dx": 115,
            "dy": 115,
            "damage": 65,
            "price": 4000,
            "coolDown": 38000,
            "powRequire": 1000000,
            "moreInfo": "(Phục hồi Namek 4) Học tại sư phụ"
          },
          {
            "point": 5,
            "maxFight": 1,
            "manaUse": 20,
            "skillId": 53,
            "dx": 120,
            "dy": 120,
            "damage": 70,
            "price": 8000,
            "coolDown": 40000,
            "powRequire": 3200000,
            "moreInfo": "(Phục hồi Namek 5) Học tại sư phụ"
          },
          {
            "point": 6,
            "maxFight": 1,
            "manaUse": 15,
            "skillId": 54,
            "dx": 125,
            "dy": 125,
            "damage": 75,
            "price": 9999,
            "coolDown": 42000,
            "powRequire": 10000000,
            "moreInfo": "(Phục hồi Namek 6) Học tại sư phụ"
          },
          {
            "point": 7,
            "maxFight": 1,
            "manaUse": 10,
            "skillId": 55,
            "dx": 130,
            "dy": 130,
            "damage": 80,
            "price": 9999,
            "coolDown": 44000,
            "powRequire": 30000000,
            "moreInfo": "(Phục hồi Namek 7) Học tại sư phụ"
          }
        ]
      },
      {
        "id": 11,
        "maxPoint": 7,
        "manaUseType": 2,
        "type": 1,
        "icon": 723,
        "name": "Makankosappo",
        "description": "Chưởng tia lazer xoắn ốc",
        "damInfo": "Gây sát thương #%",
        "skills": [
          {
            "point": 1,
            "maxFight": 1,
            "manaUse": 0,
            "skillId": 77,
            "dx": 20000,
            "dy": 20000,
            "damage": 70,
            "price": 9999,
            "coolDown": 360000,
            "powRequire": 150000000,
            "moreInfo": "(Makankosappo 1)"
          },
          {
            "point": 2,
            "maxFight": 1,
            "manaUse": 0,
            "skillId": 78,
            "dx": 20000,
            "dy": 20000,
            "damage": 80,
            "price": 9999,
            "coolDown": 350000,
            "powRequire": 200000000,
            "moreInfo": "(Makankosappo 2)"
          },
          {
            "point": 3,
            "maxFight": 1,
            "manaUse": 0,
            "skillId": 79,
            "dx": 20000,
            "dy": 20000,
            "damage": 90,
            "price": 9999,
            "coolDown": 340000,
            "powRequire": 250000000,
            "moreInfo": "(Makankosappo 3)"
          },
          {
            "point": 4,
            "maxFight": 1,
            "manaUse": 0,
            "skillId": 80,
            "dx": 20000,
            "dy": 20000,
            "damage": 100,
            "price": 9999,
            "coolDown": 330000,
            "powRequire": 300000000,
            "moreInfo": "(Makankosappo 4)"
          },
          {
            "point": 5,
            "maxFight": 1,
            "manaUse": 0,
            "skillId": 81,
            "dx": 20000,
            "dy": 20000,
            "damage": 110,
            "price": 9999,
            "coolDown": 320000,
            "powRequire": 350000000,
            "moreInfo": "(Makankosappo 5)"
          },
          {
            "point": 6,
            "maxFight": 1,
            "manaUse": 0,
            "skillId": 82,
            "dx": 20000,
            "dy": 20000,
            "damage": 120,
            "price": 9999,
            "coolDown": 310000,
            "powRequire": 400000000,
            "moreInfo": "(Makankosappo 6)"
          },
          {
            "point": 7,
            "maxFight": 1,
            "manaUse": 0,
            "skillId": 83,
            "dx": 20000,
            "dy": 20000,
            "damage": 130,
            "price": 9999,
            "coolDown": 300000,
            "powRequire": 450000000,
            "moreInfo": "(Makankosappo 7)"
          }
        ]
      },
      {
        "id": 12,
        "maxPoint": 7,
        "manaUseType": 1,
        "type": 3,
        "icon": 722,
        "name": "Đẻ trứng",
        "description": "Đẻ trứng tạo quái vật",
        "damInfo": "Tạo quái đi theo hỗ trợ",
        "skills": [
          {
            "point": 1,
            "maxFight": 1,
            "manaUse": 20,
            "skillId": 84,
            "dx": 200,
            "dy": 200,
            "damage": 50,
            "price": 9999,
            "coolDown": 360000,
            "powRequire": 500000000,
            "moreInfo": "(Đẻ trứng 1)"
          },
          {
            "point": 2,
            "maxFight": 1,
            "manaUse": 30,
            "skillId": 85,
            "dx": 200,
            "dy": 200,
            "damage": 55,
            "price": 9999,
            "coolDown": 390000,
            "powRequire": 600000000,
            "moreInfo": "(Đẻ trứng 2)"
          },
          {
            "point": 3,
            "maxFight": 1,
            "manaUse": 40,
            "skillId": 86,
            "dx": 200,
            "dy": 200,
            "damage": 60,
            "price": 9999,
            "coolDown": 420000,
            "powRequire": 700000000,
            "moreInfo": "(Đẻ trứng 3)"
          },
          {
            "point": 4,
            "maxFight": 1,
            "manaUse": 50,
            "skillId": 87,
            "dx": 200,
            "dy": 200,
            "damage": 65,
            "price": 9999,
            "coolDown": 450000,
            "powRequire": 800000000,
            "moreInfo": "(Đẻ trứng 4)"
          },
          {
            "point": 5,
            "maxFight": 1,
            "manaUse": 60,
            "skillId": 88,
            "dx": 200,
            "dy": 200,
            "damage": 70,
            "price": 9999,
            "coolDown": 480000,
            "powRequire": 900000000,
            "moreInfo": "(Đẻ trứng 5)"
          },
          {
            "point": 6,
            "maxFight": 1,
            "manaUse": 70,
            "skillId": 89,
            "dx": 200,
            "dy": 200,
            "damage": 75,
            "price": 9999,
            "coolDown": 510000,
            "powRequire": 1000000000,
            "moreInfo": "(Đẻ trứng 6)"
          },
          {
            "point": 7,
            "maxFight": 1,
            "manaUse": 80,
            "skillId": 90,
            "dx": 200,
            "dy": 200,
            "damage": 80,
            "price": 9999,
            "coolDown": 540000,
            "powRequire": 1100000000,
            "moreInfo": "(Đẻ trứng 7)"
          }
        ]
      },
      {
        "id": 17,
        "maxPoint": 7,
        "manaUseType": 0,
        "type": 1,
        "icon": 3778,
        "name": "Liên hoàn",
        "description": "Liên hoàn",
        "damInfo": "Tăng sức đánh: #%",
        "skills": [
          {
            "point": 1,
            "maxFight": 1,
            "manaUse": 100,
            "skillId": 107,
            "dx": 30,
            "dy": 30,
            "damage": 160,
            "price": 9999,
            "coolDown": 350,
            "powRequire": 10000000,
            "moreInfo": "(Combo 1)"
          },
          {
            "point": 2,
            "maxFight": 1,
            "manaUse": 200,
            "skillId": 108,
            "dx": 35,
            "dy": 35,
            "damage": 165,
            "price": 9999,
            "coolDown": 345,
            "powRequire": 25000000,
            "moreInfo": "(Combo 2)"
          },
          {
            "point": 3,
            "maxFight": 1,
            "manaUse": 300,
            "skillId": 109,
            "dx": 40,
            "dy": 40,
            "damage": 170,
            "price": 9999,
            "coolDown": 340,
            "powRequire": 50000000,
            "moreInfo": "(Combo 3)"
          },
          {
            "point": 4,
            "maxFight": 1,
            "manaUse": 400,
            "skillId": 110,
            "dx": 45,
            "dy": 45,
            "damage": 175,
            "price": 9999,
            "coolDown": 335,
            "powRequire": 125000000,
            "moreInfo": "(Combo 4)"
          },
          {
            "point": 5,
            "maxFight": 1,
            "manaUse": 500,
            "skillId": 111,
            "dx": 50,
            "dy": 50,
            "damage": 180,
            "price": 9999,
            "coolDown": 330,
            "powRequire": 625000000,
            "moreInfo": "(Combo 5)"
          },
          {
            "point": 6,
            "maxFight": 1,
            "manaUse": 600,
            "skillId": 112,
            "dx": 55,
            "dy": 55,
            "damage": 185,
            "price": 9999,
            "coolDown": 335,
            "powRequire": 3125000000,
            "moreInfo": "(Combo 6)"
          },
          {
            "point": 7,
            "maxFight": 1,
            "manaUse": 700,
            "skillId": 113,
            "dx": 60,
            "dy": 60,
            "damage": 190,
            "price": 9999,
            "coolDown": 330,
            "powRequire": 15625000000,
            "moreInfo": "(Combo 7)"
          }
        ]
      },
      {
        "id": 18,
        "maxPoint": 7,
        "manaUseType": 1,
        "type": 1,
        "icon": 3780,
        "name": "Biến Sôcôla",
        "description": "Biến socola",
        "damInfo": "Biến quái thành Sôcôla",
        "skills": [
          {
            "point": 1,
            "maxFight": 1,
            "manaUse": 22,
            "skillId": 114,
            "dx": 500,
            "dy": 500,
            "damage": 15,
            "price": 9999,
            "coolDown": 30000,
            "powRequire": 10000000,
            "moreInfo": "Biến Sôcôla 1"
          },
          {
            "point": 2,
            "maxFight": 1,
            "manaUse": 20,
            "skillId": 115,
            "dx": 500,
            "dy": 500,
            "damage": 17,
            "price": 9999,
            "coolDown": 29000,
            "powRequire": 25000000,
            "moreInfo": "Biến Sôcôla 2"
          },
          {
            "point": 3,
            "maxFight": 1,
            "manaUse": 18,
            "skillId": 116,
            "dx": 500,
            "dy": 500,
            "damage": 19,
            "price": 9999,
            "coolDown": 28000,
            "powRequire": 50000000,
            "moreInfo": "Biến Sôcôla 3"
          },
          {
            "point": 4,
            "maxFight": 1,
            "manaUse": 16,
            "skillId": 117,
            "dx": 500,
            "dy": 500,
            "damage": 21,
            "price": 9999,
            "coolDown": 27000,
            "powRequire": 125000000,
            "moreInfo": "Biến Sôcôla 4"
          },
          {
            "point": 5,
            "maxFight": 1,
            "manaUse": 14,
            "skillId": 118,
            "dx": 500,
            "dy": 500,
            "damage": 23,
            "price": 9999,
            "coolDown": 26000,
            "powRequire": 625000000,
            "moreInfo": "Biến Sôcôla 5"
          },
          {
            "point": 6,
            "maxFight": 1,
            "manaUse": 12,
            "skillId": 119,
            "dx": 500,
            "dy": 500,
            "damage": 25,
            "price": 9999,
            "coolDown": 25000,
            "powRequire": 3125000000,
            "moreInfo": "Biến Sôcôla 6"
          },
          {
            "point": 7,
            "maxFight": 1,
            "manaUse": 10,
            "skillId": 120,
            "dx": 500,
            "dy": 500,
            "damage": 27,
            "price": 9999,
            "coolDown": 24000,
            "powRequire": 15625000000,
            "moreInfo": "Biến Sôcôla 7"
          }
        ]
      },
      {
        "id": 19,
        "maxPoint": 7,
        "manaUseType": 1,
        "type": 3,
        "icon": 3784,
        "name": "Khiên năng lượng",
        "description": "Khiên năng lượng",
        "damInfo": "Vô hiệu các đòn tấn công",
        "skills": [
          {
            "point": 1,
            "maxFight": 1,
            "manaUse": 51,
            "skillId": 121,
            "dx": 0,
            "dy": 0,
            "damage": 15,
            "price": 9999,
            "coolDown": 75000,
            "powRequire": 10000000,
            "moreInfo": "Khiên năng lượng 1"
          },
          {
            "point": 2,
            "maxFight": 1,
            "manaUse": 48,
            "skillId": 122,
            "dx": 0,
            "dy": 0,
            "damage": 20,
            "price": 9999,
            "coolDown": 80000,
            "powRequire": 25000000,
            "moreInfo": "Khiên năng lượng 2"
          },
          {
            "point": 3,
            "maxFight": 1,
            "manaUse": 45,
            "skillId": 123,
            "dx": 0,
            "dy": 0,
            "damage": 25,
            "price": 9999,
            "coolDown": 85000,
            "powRequire": 50000000,
            "moreInfo": "Khiên năng lượng 3"
          },
          {
            "point": 4,
            "maxFight": 1,
            "manaUse": 42,
            "skillId": 124,
            "dx": 0,
            "dy": 0,
            "damage": 30,
            "price": 9999,
            "coolDown": 90000,
            "powRequire": 125000000,
            "moreInfo": "Khiên năng lượng 4"
          },
          {
            "point": 5,
            "maxFight": 1,
            "manaUse": 39,
            "skillId": 125,
            "dx": 0,
            "dy": 0,
            "damage": 35,
            "price": 9999,
            "coolDown": 95000,
            "powRequire": 625000000,
            "moreInfo": "Khiên năng lượng 5"
          },
          {
            "point": 6,
            "maxFight": 1,
            "manaUse": 36,
            "skillId": 126,
            "dx": 0,
            "dy": 0,
            "damage": 40,
            "price": 9999,
            "coolDown": 100000,
            "powRequire": 3125000000,
            "moreInfo": "Khiên năng lượng 6"
          },
          {
            "point": 7,
            "maxFight": 1,
            "manaUse": 33,
            "skillId": 127,
            "dx": 0,
            "dy": 0,
            "damage": 45,
            "price": 9999,
            "coolDown": 105000,
            "powRequire": 15625000000,
            "moreInfo": "Khiên năng lượng 7"
          }
        ]
      }
    ]
  },
  {
    "classId": 2,
    "name": "Xayda",
    "skillTemplates": [
      {
        "id": 4,
        "maxPoint": 7,
        "manaUseType": 0,
        "type": 1,
        "icon": 539,
        "name": "Chiêu đấm Galick",
        "description": "Tấn công cận chiến",
        "damInfo": "Tăng sức đánh: #%",
        "skills": [
          {
            "point": 1,
            "maxFight": 1,
            "manaUse": 1,
            "skillId": 28,
            "dx": 36,
            "dy": 18,
            "damage": 110,
            "price": 0,
            "coolDown": 500,
            "powRequire": 1000,
            "moreInfo": "(Đấm Galick 1) Học tại ông nội ngay lúc đầu"
          },
          {
            "point": 2,
            "maxFight": 1,
            "manaUse": 2,
            "skillId": 29,
            "dx": 37,
            "dy": 18,
            "damage": 120,
            "price": 10,
            "coolDown": 500,
            "powRequire": 10000,
            "moreInfo": "(Đấm Galick 2) Sau khi làm nhiệm vụ tiêu diệt Heo Rừng sẽ học được tại ông nội"
          },
          {
            "point": 3,
            "maxFight": 1,
            "manaUse": 4,
            "skillId": 30,
            "dx": 38,
            "dy": 18,
            "damage": 130,
            "price": 50,
            "coolDown": 500,
            "powRequire": 22000,
            "moreInfo": "(Đấm Galick 3) Học tại Sư Phụ"
          },
          {
            "point": 4,
            "maxFight": 1,
            "manaUse": 8,
            "skillId": 31,
            "dx": 39,
            "dy": 18,
            "damage": 140,
            "price": 100,
            "coolDown": 500,
            "powRequire": 66000,
            "moreInfo": "(Đấm Galick 4) Học tại Sư Phụ"
          },
          {
            "point": 5,
            "maxFight": 1,
            "manaUse": 16,
            "skillId": 32,
            "dx": 40,
            "dy": 18,
            "damage": 150,
            "price": 1000,
            "coolDown": 500,
            "powRequire": 200000,
            "moreInfo": "(Đấm Galick 5) Học tại Sư Phụ"
          },
          {
            "point": 6,
            "maxFight": 1,
            "manaUse": 32,
            "skillId": 33,
            "dx": 41,
            "dy": 18,
            "damage": 160,
            "price": 2000,
            "coolDown": 500,
            "powRequire": 600000,
            "moreInfo": "(Đấm Galick 6) Học tại Sư Phụ"
          },
          {
            "point": 7,
            "maxFight": 1,
            "manaUse": 70,
            "skillId": 34,
            "dx": 42,
            "dy": 18,
            "damage": 170,
            "price": 4000,
            "coolDown": 500,
            "powRequire": 1800000,
            "moreInfo": "(Đấm Galick 7) Học tại Sư Phụ"
          }
        ]
      },
      {
        "id": 5,
        "maxPoint": 7,
        "manaUseType": 0,
        "type": 1,
        "icon": 540,
        "name": "Chiêu Antomic",
        "description": "Đánh xa nhờ năng lượng",
        "damInfo": "Tăng sức đánh: #%",
        "skills": [
          {
            "point": 1,
            "maxFight": 1,
            "manaUse": 18,
            "skillId": 35,
            "dx": 150,
            "dy": 150,
            "damage": 110,
            "price": 500,
            "coolDown": 1000,
            "powRequire": 10000,
            "moreInfo": "(Antomic 1) Học tại Sư Phụ sau khi làm nhiệm vụ tìm truyện Doremon"
          },
          {
            "point": 2,
            "maxFight": 1,
            "manaUse": 34,
            "skillId": 36,
            "dx": 160,
            "dy": 160,
            "damage": 140,
            "price": 1000,
            "coolDown": 1200,
            "powRequire": 20000,
            "moreInfo": "(Antomic 2) Học tại Sư Phụ"
          },
          {
            "point": 3,
            "maxFight": 1,
            "manaUse": 68,
            "skillId": 37,
            "dx": 170,
            "dy": 170,
            "damage": 170,
            "price": 2000,
            "coolDown": 1400,
            "powRequire": 60000,
            "moreInfo": "(Antomic 3) Học tại Sư Phụ"
          },
          {
            "point": 4,
            "maxFight": 1,
            "manaUse": 136,
            "skillId": 38,
            "dx": 180,
            "dy": 180,
            "damage": 200,
            "price": 4000,
            "coolDown": 1600,
            "powRequire": 180000,
            "moreInfo": "(Antomic 4) Học tại Sư Phụ"
          },
          {
            "point": 5,
            "maxFight": 1,
            "manaUse": 258,
            "skillId": 39,
            "dx": 190,
            "dy": 190,
            "damage": 230,
            "price": 8000,
            "coolDown": 1800,
            "powRequire": 540000,
            "moreInfo": "(Antomic 5) Học tại Sư Phụ"
          },
          {
            "point": 6,
            "maxFight": 1,
            "manaUse": 514,
            "skillId": 40,
            "dx": 200,
            "dy": 200,
            "damage": 260,
            "price": 9999,
            "coolDown": 2000,
            "powRequire": 1600000,
            "moreInfo": "(Antomic 6) Học tại Sư Phụ"
          },
          {
            "point": 7,
            "maxFight": 1,
            "manaUse": 1026,
            "skillId": 41,
            "dx": 210,
            "dy": 210,
            "damage": 290,
            "price": 9999,
            "coolDown": 2200,
            "powRequire": 4800000,
            "moreInfo": "(Antomic 7) Học tại Sư Phụ"
          }
        ]
      },
      {
        "id": 8,
        "maxPoint": 7,
        "manaUseType": 1,
        "type": 3,
        "icon": 720,
        "name": "Tái tạo năng lượng",
        "description": "Tái tạo lại HP và MP đang có",
        "damInfo": "Tự tái tạo HP MP #%/s",
        "skills": [
          {
            "point": 1,
            "maxFight": 1,
            "manaUse": 0,
            "skillId": 56,
            "dx": 0,
            "dy": 0,
            "damage": 4,
            "price": 500,
            "coolDown": 55000,
            "powRequire": 60000,
            "moreInfo": "(Tái tạo Xayda 1) Học tại sư phụ"
          },
          {
            "point": 2,
            "maxFight": 1,
            "manaUse": 0,
            "skillId": 57,
            "dx": 0,
            "dy": 0,
            "damage": 5,
            "price": 1000,
            "coolDown": 50000,
            "powRequire": 120000,
            "moreInfo": "(Tái tạo Xayda 2) Học tại sư phụ"
          },
          {
            "point": 3,
            "maxFight": 1,
            "manaUse": 0,
            "skillId": 58,
            "dx": 0,
            "dy": 0,
            "damage": 6,
            "price": 2000,
            "coolDown": 45000,
            "powRequire": 360000,
            "moreInfo": "(Tái tạo Xayda 3) Học tại sư phụ"
          },
          {
            "point": 4,
            "maxFight": 1,
            "manaUse": 0,
            "skillId": 59,
            "dx": 0,
            "dy": 0,
            "damage": 7,
            "price": 4000,
            "coolDown": 40000,
            "powRequire": 1000000,
            "moreInfo": "(Tái tạo Xayda 4) Học tại sư phụ"
          },
          {
            "point": 5,
            "maxFight": 1,
            "manaUse": 0,
            "skillId": 60,
            "dx": 0,
            "dy": 0,
            "damage": 8,
            "price": 8000,
            "coolDown": 35000,
            "powRequire": 3200000,
            "moreInfo": "(Tái tạo Xayda 5) Học tại sư phụ"
          },
          {
            "point": 6,
            "maxFight": 1,
            "manaUse": 0,
            "skillId": 61,
            "dx": 0,
            "dy": 0,
            "damage": 9,
            "price": 9999,
            "coolDown": 30000,
            "powRequire": 10000000,
            "moreInfo": "(Tái tạo Xayda 6) Học tại sư phụ"
          },
          {
            "point": 7,
            "maxFight": 1,
            "manaUse": 0,
            "skillId": 62,
            "dx": 0,
            "dy": 0,
            "damage": 10,
            "price": 9999,
            "coolDown": 25000,
            "powRequire": 30000000,
            "moreInfo": "(Tái tạo Xayda 7) Học tại sư phụ"
          }
        ]
      },
      {
        "id": 13,
        "maxPoint": 7,
        "manaUseType": 1,
        "type": 3,
        "icon": 718,
        "name": "Biến hình",
        "description": "Biến hình thành khỉ",
        "damInfo": "Tăng sức đánh, HP và tốc độ",
        "skills": [
          {
            "point": 1,
            "maxFight": 1,
            "manaUse": 10,
            "skillId": 91,
            "dx": 200,
            "dy": 200,
            "damage": 100,
            "price": 9999,
            "coolDown": 300000,
            "powRequire": 250000000,
            "moreInfo": "(Biến hình 1)"
          },
          {
            "point": 2,
            "maxFight": 1,
            "manaUse": 10,
            "skillId": 92,
            "dx": 200,
            "dy": 200,
            "damage": 100,
            "price": 9999,
            "coolDown": 310000,
            "powRequire": 350000000,
            "moreInfo": "(Biến hình 2)"
          },
          {
            "point": 3,
            "maxFight": 1,
            "manaUse": 10,
            "skillId": 93,
            "dx": 200,
            "dy": 200,
            "damage": 100,
            "price": 9999,
            "coolDown": 320000,
            "powRequire": 450000000,
            "moreInfo": "(Biến hình 3)"
          },
          {
            "point": 4,
            "maxFight": 1,
            "manaUse": 10,
            "skillId": 94,
            "dx": 200,
            "dy": 200,
            "damage": 100,
            "price": 9999,
            "coolDown": 330000,
            "powRequire": 550000000,
            "moreInfo": "(Biến hình 4)"
          },
          {
            "point": 5,
            "maxFight": 1,
            "manaUse": 10,
            "skillId": 95,
            "dx": 200,
            "dy": 200,
            "damage": 100,
            "price": 9999,
            "coolDown": 340000,
            "powRequire": 650000000,
            "moreInfo": "(Biến hình 5)"
          },
          {
            "point": 6,
            "maxFight": 1,
            "manaUse": 10,
            "skillId": 96,
            "dx": 200,
            "dy": 200,
            "damage": 100,
            "price": 9999,
            "coolDown": 350000,
            "powRequire": 750000000,
            "moreInfo": "(Biến hình 6)"
          },
          {
            "point": 7,
            "maxFight": 1,
            "manaUse": 10,
            "skillId": 97,
            "dx": 200,
            "dy": 200,
            "damage": 100,
            "price": 9999,
            "coolDown": 360000,
            "powRequire": 850000000,
            "moreInfo": "(Biến hình 7)"
          }
        ]
      },
      {
        "id": 14,
        "maxPoint": 7,
        "manaUseType": 1,
        "type": 3,
        "icon": 2248,
        "name": "Tự phát nổ",
        "description": "Tự phát nổ",
        "damInfo": "Hy sinh, gây sát thương lớn cho kẻ thù",
        "skills": [
          {
            "point": 1,
            "maxFight": 1,
            "manaUse": 50,
            "skillId": 98,
            "dx": 200,
            "dy": 200,
            "damage": 100,
            "price": 9999,
            "coolDown": 120000,
            "powRequire": 250000000,
            "moreInfo": "(Tự phát nổ 1)"
          },
          {
            "point": 2,
            "maxFight": 1,
            "manaUse": 50,
            "skillId": 99,
            "dx": 300,
            "dy": 300,
            "damage": 105,
            "price": 9999,
            "coolDown": 120000,
            "powRequire": 300000000,
            "moreInfo": "(Tự phát nổ 2)"
          },
          {
            "point": 3,
            "maxFight": 1,
            "manaUse": 50,
            "skillId": 100,
            "dx": 400,
            "dy": 400,
            "damage": 110,
            "price": 9999,
            "coolDown": 120000,
            "powRequire": 350000000,
            "moreInfo": "(Tự phát nổ 3)"
          },
          {
            "point": 4,
            "maxFight": 1,
            "manaUse": 50,
            "skillId": 101,
            "dx": 500,
            "dy": 500,
            "damage": 115,
            "price": 9999,
            "coolDown": 120000,
            "powRequire": 400000000,
            "moreInfo": "(Tự phát nổ 4)"
          },
          {
            "point": 5,
            "maxFight": 1,
            "manaUse": 50,
            "skillId": 102,
            "dx": 600,
            "dy": 600,
            "damage": 120,
            "price": 9999,
            "coolDown": 120000,
            "powRequire": 450000000,
            "moreInfo": "(Tự phát nổ 5)"
          },
          {
            "point": 6,
            "maxFight": 1,
            "manaUse": 50,
            "skillId": 103,
            "dx": 700,
            "dy": 700,
            "damage": 125,
            "price": 9999,
            "coolDown": 120000,
            "powRequire": 500000000,
            "moreInfo": "(Tự phát nổ 6)"
          },
          {
            "point": 7,
            "maxFight": 1,
            "manaUse": 50,
            "skillId": 104,
            "dx": 900,
            "dy": 900,
            "damage": 130,
            "price": 9999,
            "coolDown": 120000,
            "powRequire": 550000000,
            "moreInfo": "(Tự phát nổ 7)"
          }
        ]
      },
      {
        "id": 21,
        "maxPoint": 7,
        "manaUseType": 0,
        "type": 3,
        "icon": 3781,
        "name": "Huýt sáo",
        "description": "Huýt sáo",
        "damInfo": "Tăng tạm thời +#%HP cho mọi người xung quanh và +1 đòn chí mạng",
        "skills": [
          {
            "point": 1,
            "maxFight": 1,
            "manaUse": 50,
            "skillId": 135,
            "dx": 500,
            "dy": 500,
            "damage": 40,
            "price": 9999,
            "coolDown": 210000,
            "powRequire": 10000000,
            "moreInfo": "Huýt sáo"
          },
          {
            "point": 2,
            "maxFight": 1,
            "manaUse": 45,
            "skillId": 136,
            "dx": 500,
            "dy": 500,
            "damage": 50,
            "price": 9999,
            "coolDown": 205000,
            "powRequire": 25000000,
            "moreInfo": "Huýt sáo"
          },
          {
            "point": 3,
            "maxFight": 1,
            "manaUse": 40,
            "skillId": 137,
            "dx": 500,
            "dy": 500,
            "damage": 60,
            "price": 9999,
            "coolDown": 200000,
            "powRequire": 50000000,
            "moreInfo": "Huýt sáo"
          },
          {
            "point": 4,
            "maxFight": 1,
            "manaUse": 35,
            "skillId": 138,
            "dx": 500,
            "dy": 500,
            "damage": 70,
            "price": 9999,
            "coolDown": 195000,
            "powRequire": 125000000,
            "moreInfo": "Huýt sáo"
          },
          {
            "point": 5,
            "maxFight": 1,
            "manaUse": 30,
            "skillId": 139,
            "dx": 500,
            "dy": 500,
            "damage": 80,
            "price": 9999,
            "coolDown": 190000,
            "powRequire": 625000000,
            "moreInfo": "Huýt sáo"
          },
          {
            "point": 6,
            "maxFight": 1,
            "manaUse": 25,
            "skillId": 140,
            "dx": 500,
            "dy": 500,
            "damage": 90,
            "price": 9999,
            "coolDown": 185000,
            "powRequire": 3125000000,
            "moreInfo": "Huýt sáo"
          },
          {
            "point": 7,
            "maxFight": 1,
            "manaUse": 20,
            "skillId": 141,
            "dx": 500,
            "dy": 500,
            "damage": 100,
            "price": 9999,
            "coolDown": 180000,
            "powRequire": 15625000000,
            "moreInfo": "Huýt sáo"
          }
        ]
      },
      {
        "id": 23,
        "maxPoint": 7,
        "manaUseType": 0,
        "type": 1,
        "icon": 3779,
        "name": "Trói",
        "description": "Trói",
        "damInfo": "Trói kẻ thù",
        "skills": [
          {
            "point": 1,
            "maxFight": 1,
            "manaUse": 5000,
            "skillId": 149,
            "dx": 150,
            "dy": 150,
            "damage": 5,
            "price": 9999,
            "coolDown": 15000,
            "powRequire": 10000000,
            "moreInfo": "Trói"
          },
          {
            "point": 2,
            "maxFight": 1,
            "manaUse": 10000,
            "skillId": 150,
            "dx": 150,
            "dy": 150,
            "damage": 10,
            "price": 9999,
            "coolDown": 20000,
            "powRequire": 25000000,
            "moreInfo": "Trói"
          },
          {
            "point": 3,
            "maxFight": 1,
            "manaUse": 15000,
            "skillId": 151,
            "dx": 150,
            "dy": 150,
            "damage": 15,
            "price": 9999,
            "coolDown": 25000,
            "powRequire": 50000000,
            "moreInfo": "Trói"
          },
          {
            "point": 4,
            "maxFight": 1,
            "manaUse": 20000,
            "skillId": 152,
            "dx": 150,
            "dy": 150,
            "damage": 20,
            "price": 9999,
            "coolDown": 30000,
            "powRequire": 125000000,
            "moreInfo": "Trói"
          },
          {
            "point": 5,
            "maxFight": 1,
            "manaUse": 25000,
            "skillId": 153,
            "dx": 150,
            "dy": 150,
            "damage": 25,
            "price": 9999,
            "coolDown": 35000,
            "powRequire": 625000000,
            "moreInfo": "Trói"
          },
          {
            "point": 6,
            "maxFight": 1,
            "manaUse": 30000,
            "skillId": 154,
            "dx": 150,
            "dy": 150,
            "damage": 30,
            "price": 9999,
            "coolDown": 40000,
            "powRequire": 3125000000,
            "moreInfo": "Trói"
          },
          {
            "point": 7,
            "maxFight": 1,
            "manaUse": 32000,
            "skillId": 155,
            "dx": 150,
            "dy": 150,
            "damage": 35,
            "price": 9999,
            "coolDown": 45000,
            "powRequire": 15625000000,
            "moreInfo": "Trói"
          }
        ]
      },
      {
        "id": 19,
        "maxPoint": 7,
        "manaUseType": 1,
        "type": 3,
        "icon": 3784,
        "name": "Khiên năng lượng",
        "description": "Khiên năng lượng",
        "damInfo": "Vô hiệu các đòn tấn công",
        "skills": [
          {
            "point": 1,
            "maxFight": 1,
            "manaUse": 51,
            "skillId": 121,
            "dx": 0,
            "dy": 0,
            "damage": 15,
            "price": 9999,
            "coolDown": 75000,
            "powRequire": 10000000,
            "moreInfo": "Khiên năng lượng 1"
          },
          {
            "point": 2,
            "maxFight": 1,
            "manaUse": 48,
            "skillId": 122,
            "dx": 0,
            "dy": 0,
            "damage": 20,
            "price": 9999,
            "coolDown": 80000,
            "powRequire": 25000000,
            "moreInfo": "Khiên năng lượng 2"
          },
          {
            "point": 3,
            "maxFight": 1,
            "manaUse": 45,
            "skillId": 123,
            "dx": 0,
            "dy": 0,
            "damage": 25,
            "price": 9999,
            "coolDown": 85000,
            "powRequire": 50000000,
            "moreInfo": "Khiên năng lượng 3"
          },
          {
            "point": 4,
            "maxFight": 1,
            "manaUse": 42,
            "skillId": 124,
            "dx": 0,
            "dy": 0,
            "damage": 30,
            "price": 9999,
            "coolDown": 90000,
            "powRequire": 125000000,
            "moreInfo": "Khiên năng lượng 4"
          },
          {
            "point": 5,
            "maxFight": 1,
            "manaUse": 39,
            "skillId": 125,
            "dx": 0,
            "dy": 0,
            "damage": 35,
            "price": 9999,
            "coolDown": 95000,
            "powRequire": 625000000,
            "moreInfo": "Khiên năng lượng 5"
          },
          {
            "point": 6,
            "maxFight": 1,
            "manaUse": 36,
            "skillId": 126,
            "dx": 0,
            "dy": 0,
            "damage": 40,
            "price": 9999,
            "coolDown": 100000,
            "powRequire": 3125000000,
            "moreInfo": "Khiên năng lượng 6"
          },
          {
            "point": 7,
            "maxFight": 1,
            "manaUse": 33,
            "skillId": 127,
            "dx": 0,
            "dy": 0,
            "damage": 45,
            "price": 9999,
            "coolDown": 105000,
            "powRequire": 15625000000,
            "moreInfo": "Khiên năng lượng 7"
          }
        ]
      }
    ]
  },
  {
    "classId": 3,
    "name": "Chưa xác định",
    "skillTemplates": [
      {
        "id": 19,
        "maxPoint": 7,
        "manaUseType": 1,
        "type": 3,
        "icon": 3784,
        "name": "Khiên năng lượng",
        "description": "Khiên năng lượng",
        "damInfo": "Vô hiệu các đòn tấn công",
        "skills": [
          {
            "point": 1,
            "maxFight": 1,
            "manaUse": 51,
            "skillId": 121,
            "dx": 0,
            "dy": 0,
            "damage": 15,
            "price": 9999,
            "coolDown": 75000,
            "powRequire": 10000000,
            "moreInfo": "Khiên năng lượng 1"
          },
          {
            "point": 2,
            "maxFight": 1,
            "manaUse": 48,
            "skillId": 122,
            "dx": 0,
            "dy": 0,
            "damage": 20,
            "price": 9999,
            "coolDown": 80000,
            "powRequire": 25000000,
            "moreInfo": "Khiên năng lượng 2"
          },
          {
            "point": 3,
            "maxFight": 1,
            "manaUse": 45,
            "skillId": 123,
            "dx": 0,
            "dy": 0,
            "damage": 25,
            "price": 9999,
            "coolDown": 85000,
            "powRequire": 50000000,
            "moreInfo": "Khiên năng lượng 3"
          },
          {
            "point": 4,
            "maxFight": 1,
            "manaUse": 42,
            "skillId": 124,
            "dx": 0,
            "dy": 0,
            "damage": 30,
            "price": 9999,
            "coolDown": 90000,
            "powRequire": 125000000,
            "moreInfo": "Khiên năng lượng 4"
          },
          {
            "point": 5,
            "maxFight": 1,
            "manaUse": 39,
            "skillId": 125,
            "dx": 0,
            "dy": 0,
            "damage": 35,
            "price": 9999,
            "coolDown": 95000,
            "powRequire": 625000000,
            "moreInfo": "Khiên năng lượng 5"
          },
          {
            "point": 6,
            "maxFight": 1,
            "manaUse": 36,
            "skillId": 126,
            "dx": 0,
            "dy": 0,
            "damage": 40,
            "price": 9999,
            "coolDown": 100000,
            "powRequire": 3125000000,
            "moreInfo": "Khiên năng lượng 6"
          },
          {
            "point": 7,
            "maxFight": 1,
            "manaUse": 33,
            "skillId": 127,
            "dx": 0,
            "dy": 0,
            "damage": 45,
            "price": 9999,
            "coolDown": 105000,
            "powRequire": 15625000000,
            "moreInfo": "Khiên năng lượng 7"
          }
        ]
      }
    ]
  },
  {
    "classId": 4,
    "name": "Chưa xác định",
    "skillTemplates": [
      {
        "id": 15,
        "maxPoint": 7,
        "manaUseType": 0,
        "type": 0,
        "icon": 0,
        "name": "Danh",
        "description": "Danh",
        "damInfo": "Danh",
        "skills": [
          {
            "point": 0,
            "maxFight": 1,
            "manaUse": 0,
            "skillId": 105,
            "dx": 0,
            "dy": 0,
            "damage": 0,
            "price": 0,
            "coolDown": 0,
            "powRequire": 0,
            "moreInfo": "a"
          }
        ]
      },
      {
        "id": 16,
        "maxPoint": 7,
        "manaUseType": 0,
        "type": 0,
        "icon": 0,
        "name": "Chuong",
        "description": "Chuong",
        "damInfo": "Chuong",
        "skills": [
          {
            "point": 0,
            "maxFight": 1,
            "manaUse": 0,
            "skillId": 106,
            "dx": 0,
            "dy": 0,
            "damage": 0,
            "price": 0,
            "coolDown": 0,
            "powRequire": 0,
            "moreInfo": "a"
          }
        ]
      }
    ]
  },
  {
    "classId": 5,
    "name": "Chưa xác định",
    "skillTemplates": [
      {
        "id": 19,
        "maxPoint": 7,
        "manaUseType": 1,
        "type": 3,
        "icon": 3784,
        "name": "Khiên năng lượng",
        "description": "Khiên năng lượng",
        "damInfo": "Vô hiệu các đòn tấn công",
        "skills": [
          {
            "point": 1,
            "maxFight": 1,
            "manaUse": 51,
            "skillId": 121,
            "dx": 0,
            "dy": 0,
            "damage": 15,
            "price": 9999,
            "coolDown": 75000,
            "powRequire": 10000000,
            "moreInfo": "Khiên năng lượng 1"
          },
          {
            "point": 2,
            "maxFight": 1,
            "manaUse": 48,
            "skillId": 122,
            "dx": 0,
            "dy": 0,
            "damage": 20,
            "price": 9999,
            "coolDown": 80000,
            "powRequire": 25000000,
            "moreInfo": "Khiên năng lượng 2"
          },
          {
            "point": 3,
            "maxFight": 1,
            "manaUse": 45,
            "skillId": 123,
            "dx": 0,
            "dy": 0,
            "damage": 25,
            "price": 9999,
            "coolDown": 85000,
            "powRequire": 50000000,
            "moreInfo": "Khiên năng lượng 3"
          },
          {
            "point": 4,
            "maxFight": 1,
            "manaUse": 42,
            "skillId": 124,
            "dx": 0,
            "dy": 0,
            "damage": 30,
            "price": 9999,
            "coolDown": 90000,
            "powRequire": 125000000,
            "moreInfo": "Khiên năng lượng 4"
          },
          {
            "point": 5,
            "maxFight": 1,
            "manaUse": 39,
            "skillId": 125,
            "dx": 0,
            "dy": 0,
            "damage": 35,
            "price": 9999,
            "coolDown": 95000,
            "powRequire": 625000000,
            "moreInfo": "Khiên năng lượng 5"
          },
          {
            "point": 6,
            "maxFight": 1,
            "manaUse": 36,
            "skillId": 126,
            "dx": 0,
            "dy": 0,
            "damage": 40,
            "price": 9999,
            "coolDown": 100000,
            "powRequire": 3125000000,
            "moreInfo": "Khiên năng lượng 6"
          },
          {
            "point": 7,
            "maxFight": 1,
            "manaUse": 33,
            "skillId": 127,
            "dx": 0,
            "dy": 0,
            "damage": 45,
            "price": 9999,
            "coolDown": 105000,
            "powRequire": 15625000000,
            "moreInfo": "Khiên năng lượng 7"
          }
        ]
      }
    ]
  },
  {
    "classId": 6,
    "name": "Chưa xác định",
    "skillTemplates": [
      {
        "id": 19,
        "maxPoint": 7,
        "manaUseType": 1,
        "type": 3,
        "icon": 3784,
        "name": "Khiên năng lượng",
        "description": "Khiên năng lượng",
        "damInfo": "Vô hiệu các đòn tấn công",
        "skills": [
          {
            "point": 1,
            "maxFight": 1,
            "manaUse": 51,
            "skillId": 121,
            "dx": 0,
            "dy": 0,
            "damage": 15,
            "price": 9999,
            "coolDown": 75000,
            "powRequire": 10000000,
            "moreInfo": "Khiên năng lượng 1"
          },
          {
            "point": 2,
            "maxFight": 1,
            "manaUse": 48,
            "skillId": 122,
            "dx": 0,
            "dy": 0,
            "damage": 20,
            "price": 9999,
            "coolDown": 80000,
            "powRequire": 25000000,
            "moreInfo": "Khiên năng lượng 2"
          },
          {
            "point": 3,
            "maxFight": 1,
            "manaUse": 45,
            "skillId": 123,
            "dx": 0,
            "dy": 0,
            "damage": 25,
            "price": 9999,
            "coolDown": 85000,
            "powRequire": 50000000,
            "moreInfo": "Khiên năng lượng 3"
          },
          {
            "point": 4,
            "maxFight": 1,
            "manaUse": 42,
            "skillId": 124,
            "dx": 0,
            "dy": 0,
            "damage": 30,
            "price": 9999,
            "coolDown": 90000,
            "powRequire": 125000000,
            "moreInfo": "Khiên năng lượng 4"
          },
          {
            "point": 5,
            "maxFight": 1,
            "manaUse": 39,
            "skillId": 125,
            "dx": 0,
            "dy": 0,
            "damage": 35,
            "price": 9999,
            "coolDown": 95000,
            "powRequire": 625000000,
            "moreInfo": "Khiên năng lượng 5"
          },
          {
            "point": 6,
            "maxFight": 1,
            "manaUse": 36,
            "skillId": 126,
            "dx": 0,
            "dy": 0,
            "damage": 40,
            "price": 9999,
            "coolDown": 100000,
            "powRequire": 3125000000,
            "moreInfo": "Khiên năng lượng 6"
          },
          {
            "point": 7,
            "maxFight": 1,
            "manaUse": 33,
            "skillId": 127,
            "dx": 0,
            "dy": 0,
            "damage": 45,
            "price": 9999,
            "coolDown": 105000,
            "powRequire": 15625000000,
            "moreInfo": "Khiên năng lượng 7"
          }
        ]
      }
    ]
  }
]