[
  {
    "id": 0,
    "name": "Làng Aru"
  },
  {
    "id": 1,
    "name": "Đồi hoa cúc"
  },
  {
    "id": 2,
    "name": "Thung lũng tre"
  },
  {
    "id": 3,
    "name": "Rừng nấm"
  },
  {
    "id": 4,
    "name": "Rừng xương"
  },
  {
    "id": 5,
    "name": "Đảo Kamê"
  },
  {
    "id": 6,
    "name": "Đông Karin"
  },
  {
    "id": 7,
    "name": "Làng Mori"
  },
  {
    "id": 8,
    "name": "Đồi nấm tím"
  },
  {
    "id": 9,
    "name": "Thị trấn Moori"
  },
  {
    "id": 10,
    "name": "Thung lũng Namếc"
  },
  {
    "id": 11,
    "name": "Thung lũng Maima"
  },
  {
    "id": 12,
    "name": "Vực maima"
  },
  {
    "id": 13,
    "name": "Đảo Guru"
  },
  {
    "id": 14,
    "name": "Làng Kakarot"
  },
  {
    "id": 15,
    "name": "Đồi hoang"
  },
  {
    "id": 16,
    "name": "Làng Plant"
  },
  {
    "id": 17,
    "name": "Rừng nguyên sinh"
  },
  {
    "id": 18,
    "name": "Rừng thông Xayda"
  },
  {
    "id": 19,
    "name": "Thành phố Vegeta"
  },
  {
    "id": 20,
    "name": "Vách núi đen"
  },
  {
    "id": 21,
    "name": "Nhà Gôhan"
  },
  {
    "id": 22,
    "name": "Nhà Moori"
  },
  {
    "id": 23,
    "name": "Nhà Broly"
  },
  {
    "id": 24,
    "name": "Trạm tàu vũ trụ"
  },
  {
    "id": 25,
    "name": "Trạm tàu vũ trụ"
  },
  {
    "id": 26,
    "name": "Trạm tàu vũ trụ"
  },
  {
    "id": 27,
    "name": "Rừng Bamboo"
  },
  {
    "id": 28,
    "name": "Rừng dương xỉ"
  },
  {
    "id": 29,
    "name": "Nam Kamê"
  },
  {
    "id": 30,
    "name": "Đảo Bulông"
  },
  {
    "id": 31,
    "name": "Núi hoa vàng"
  },
  {
    "id": 32,
    "name": "Núi hoa tím"
  },
  {
    "id": 33,
    "name": "Nam Guru"
  },
  {
    "id": 34,
    "name": "Đông Nam Guru"
  },
  {
    "id": 35,
    "name": "Rừng cọ"
  },
  {
    "id": 36,
    "name": "Rừng đá"
  },
  {
    "id": 37,
    "name": "Thung lũng đen"
  },
  {
    "id": 38,
    "name": "Bờ vực đen"
  },
  {
    "id": 39,
    "name": "Vách núi Aru"
  },
  {
    "id": 40,
    "name": "Vách núi Moori"
  },
  {
    "id": 41,
    "name": "Vực Plant"
  },
  {
    "id": 42,
    "name": "Vách núi Aru"
  },
  {
    "id": 43,
    "name": "Vách núi Moori"
  },
  {
    "id": 44,
    "name": "Vách núi Kakarot"
  },
  {
    "id": 45,
    "name": "Thần điện"
  },
  {
    "id": 46,
    "name": "Tháp Karin"
  },
  {
    "id": 47,
    "name": "Rừng Karin"
  },
  {
    "id": 48,
    "name": "Hành tinh Kaio"
  },
  {
    "id": 49,
    "name": "Phòng tập thời gian"
  },
  {
    "id": 50,
    "name": "Thánh địa Kaio"
  },
  {
    "id": 51,
    "name": "Đấu trường"
  },
  {
    "id": 52,
    "name": "Đại hội võ thuật"
  },
  {
    "id": 53,
    "name": "Tường thành 1"
  },
  {
    "id": 54,
    "name": "Tầng 3"
  },
  {
    "id": 55,
    "name": "Tầng 1"
  },
  {
    "id": 56,
    "name": "Tầng 2"
  },
  {
    "id": 57,
    "name": "Tầng 4"
  },
  {
    "id": 58,
    "name": "Tường thành 2"
  },
  {
    "id": 59,
    "name": "Tường thành 3"
  },
  {
    "id": 60,
    "name": "Trại độc nhãn 1"
  },
  {
    "id": 61,
    "name": "Trại độc nhãn 2"
  },
  {
    "id": 62,
    "name": "Trại độc nhãn 3"
  },
  {
    "id": 63,
    "name": "Trại lính Fide"
  },
  {
    "id": 64,
    "name": "Núi dây leo"
  },
  {
    "id": 65,
    "name": "Núi cây quỷ"
  },
  {
    "id": 66,
    "name": "Trại quỷ già"
  },
  {
    "id": 67,
    "name": "Vực chết"
  },
  {
    "id": 68,
    "name": "Thung lũng Nappa"
  },
  {
    "id": 69,
    "name": "Vực cấm"
  },
  {
    "id": 70,
    "name": "Núi Appule"
  },
  {
    "id": 71,
    "name": "Căn cứ Raspberry"
  },
  {
    "id": 72,
    "name": "Thung lũng Raspberry"
  },
  {
    "id": 73,
    "name": "Thung lũng chết"
  },
  {
    "id": 74,
    "name": "Đồi cây Fide"
  },
  {
    "id": 75,
    "name": "Khe núi tử thần"
  },
  {
    "id": 76,
    "name": "Núi đá"
  },
  {
    "id": 77,
    "name": "Rừng đá"
  },
  {
    "id": 78,
    "name": "Lãnh  địa Fize"
  },
  {
    "id": 79,
    "name": "Núi khỉ đỏ"
  },
  {
    "id": 80,
    "name": "Núi khỉ vàng"
  },
  {
    "id": 81,
    "name": "Hang quỷ chim"
  },
  {
    "id": 82,
    "name": "Núi khỉ đen"
  },
  {
    "id": 83,
    "name": "Hang khỉ đen"
  },
  {
    "id": 84,
    "name": "Siêu Thị"
  },
  {
    "id": 85,
    "name": "Hành tinh M-2"
  },
  {
    "id": 86,
    "name": "Hành tinh Polaris"
  },
  {
    "id": 87,
    "name": "Hành tinh Cretaceous"
  },
  {
    "id": 88,
    "name": "Hành tinh Monmaasu"
  },
  {
    "id": 89,
    "name": "Hành tinh Rudeeze"
  },
  {
    "id": 90,
    "name": "Hành tinh Gelbo"
  },
  {
    "id": 91,
    "name": "Hành tinh Tigere"
  },
  {
    "id": 92,
    "name": "Thành phố phía đông"
  },
  {
    "id": 93,
    "name": "Thành phố phía nam"
  },
  {
    "id": 94,
    "name": "Đảo Balê"
  },
  {
    "id": 95,
    "name": "95"
  },
  {
    "id": 96,
    "name": "Cao nguyên"
  },
  {
    "id": 97,
    "name": "Thành phố phía bắc"
  },
  {
    "id": 98,
    "name": "Ngọn núi phía bắc"
  },
  {
    "id": 99,
    "name": "Thung lũng phía bắc"
  },
  {
    "id": 100,
    "name": "Thị trấn Ginder"
  },
  {
    "id": 101,
    "name": "101"
  },
  {
    "id": 102,
    "name": "Nhà Bunma"
  },
  {
    "id": 103,
    "name": "Võ đài Xên bọ hung"
  },
  {
    "id": 104,
    "name": "Sân sau siêu thị"
  },
  {
    "id": 105,
    "name": "Cánh đồng tuyết"
  },
  {
    "id": 106,
    "name": "Rừng tuyết"
  },
  {
    "id": 107,
    "name": "Núi tuyết"
  },
  {
    "id": 108,
    "name": "Dòng sông băng"
  },
  {
    "id": 109,
    "name": "Rừng băng"
  },
  {
    "id": 110,
    "name": "Hang băng"
  },
  {
    "id": 111,
    "name": "Đông Nam Karin"
  },
  {
    "id": 112,
    "name": "Võ đài Hạt Mít"
  },
  {
    "id": 113,
    "name": "Đại hội võ thuật"
  },
  {
    "id": 114,
    "name": "Cổng phi thuyền"
  },
  {
    "id": 115,
    "name": "Phòng chờ"
  },
  {
    "id": 116,
    "name": "Thánh địa Kaio"
  },
  {
    "id": 117,
    "name": "Cửa Ải 1"
  },
  {
    "id": 118,
    "name": "Cửa Ải 2"
  },
  {
    "id": 119,
    "name": "Cửa Ải 3"
  },
  {
    "id": 120,
    "name": "Phòng chỉ huy"
  },
  {
    "id": 121,
    "name": "Đấu trường"
  },
  {
    "id": 122,
    "name": "Ngũ Hành Sơn"
  },
  {
    "id": 123,
    "name": "Ngũ Hành Sơn"
  },
  {
    "id": 124,
    "name": "Ngũ Hành Sơn"
  },
  {
    "id": 125,
    "name": "Võ đài Bang"
  },
  {
    "id": 126,
    "name": "Thành phố Santa"
  },
  {
    "id": 127,
    "name": "Cổng phi thuyền"
  },
  {
    "id": 128,
    "name": "Bụng Mabư"
  },
  {
    "id": 129,
    "name": "Đại hội võ thuật"
  },
  {
    "id": 130,
    "name": "Đại hội võ thuật Vũ Trụ"
  },
  {
    "id": 131,
    "name": "Hành Tinh Yardart"
  },
  {
    "id": 132,
    "name": "Hành Tinh Yardart 2"
  },
  {
    "id": 133,
    "name": "Hành Tinh Yardart 3"
  },
  {
    "id": 134,
    "name": "Đại hội võ thuật Vũ Trụ 6-7"
  },
  {
    "id": 135,
    "name": "Động hải tặc"
  },
  {
    "id": 136,
    "name": "Hang Bạch Tuộc"
  },
  {
    "id": 137,
    "name": "Động kho báu"
  },
  {
    "id": 138,
    "name": "Cảng hải tặc"
  },
  {
    "id": 139,
    "name": "Hành tinh Potaufeu"
  },
  {
    "id": 140,
    "name": "Hang động Potaufeu"
  },
  {
    "id": 141,
    "name": "Con đường rắn độc"
  },
  {
    "id": 142,
    "name": "Con đường rắn độc"
  },
  {
    "id": 143,
    "name": "Con đường rắn độc"
  },
  {
    "id": 144,
    "name": "Hoang mạc"
  },
  {
    "id": 145,
    "name": "Võ Đài Siêu Cấp"
  },
  {
    "id": 146,
    "name": "Tây Karin"
  },
  {
    "id": 147,
    "name": "Sa mạc"
  },
  {
    "id": 148,
    "name": "Lâu đài Lychee"
  },
  {
    "id": 149,
    "name": "Thành phố Santa"
  },
  {
    "id": 150,
    "name": "Lôi Đài"
  },
  {
    "id": 151,
    "name": "Hành tinh bóng tối"
  },
  {
    "id": 152,
    "name": "Vùng đất băng giá"
  },
  {
    "id": 153,
    "name": "Lãnh địa bang hội"
  },
  {
    "id": 154,
    "name": "Hành tinh Bill"
  },
  {
    "id": 155,
    "name": "Hành tinh ngục tù"
  },
  {
    "id": 156,
    "name": "Tây thánh địa"
  },
  {
    "id": 157,
    "name": "Đông thánh Địa"
  },
  {
    "id": 158,
    "name": "Bắc thánh địa"
  },
  {
    "id": 159,
    "name": "Nam thánh Địa"
  },
  {
    "id": 160,
    "name": "Khu hang động"
  },
  {
    "id": 161,
    "name": "Bìa rừng nguyên thủy"
  },
  {
    "id": 162,
    "name": "Rừng nguyên thủy"
  },
  {
    "id": 163,
    "name": "Làng Plant nguyên thủy"
  },
  {
    "id": 164,
    "name": "Tranh ngọc Namếc"
  },
  {
    "id": 165,
    "name": "Map Boss"
  },
  {
    "id": 166,
    "name": "Hành tinh ngục tù"
  },
  {
    "id": 167,
    "name": "Địa ngục tầng 1"
  },
  {
    "id": 168,
    "name": "Địa ngục tầng 2"
  },
  {
    "id": 169,
    "name": "Địa ngục tầng 3"
  },
  {
    "id": 170,
    "name": "Phòng tập thời gian"
  },
  {
    "id": 171,
    "name": "Địa ngục tầng 4"
  },
  {
    "id": 172,
    "name": "Phòng chờ thời gian"
  },
  {
    "id": 173,
    "name": "Cánh đồng tuyết 2"
  },
  {
    "id": 174,
    "name": "Rừng tuyết 2"
  },
  {
    "id": 175,
    "name": "Hang băng 2"
  },
  {
    "id": 176,
    "name": "NEW Nam Kamê"
  },
  {
    "id": 177,
    "name": "Rừng nguyên sinh"
  },
  {
    "id": 178,
    "name": "Ngọn núi phía bắc"
  }
]