[
  {
    "id": 0,
    "type": 0,
    "name": "Attack: +#"
  },
  {
    "id": 1,
    "type": 0,
    "name": "Gunakan remain waktu # menit"
  },
  {
    "id": 2,
    "type": 0,
    "name": "HP, KI +#000"
  },
  {
    "id": 3,
    "type": 0,
    "name": "Kekebalan tubuh Dan mengubah #% serangan diterima ke ke KI"
  },
  {
    "id": 4,
    "type": 0,
    "name": "Mengembalikan #% KI per hit"
  },
  {
    "id": 5,
    "type": 0,
    "name": "+#% Kerusakan Kritikal"
  },
  {
    "id": 6,
    "type": 1,
    "name": "HP+#"
  },
  {
    "id": 7,
    "type": 1,
    "name": "KI+#"
  },
  {
    "id": 8,
    "type": 1,
    "name": "Drain #% HP, KI around per 5 second"
  },
  {
    "id": 9,
    "type": 1,
    "name": "Effect in # min"
  },
  {
    "id": 10,
    "type": 1,
    "name": "Chính xác: +#"
  },
  {
    "id": 11,
    "type": 2,
    "name": "Bonus Point +#"
  },
  {
    "id": 12,
    "type": 2,
    "name": "Use remain +#"
  },
  {
    "id": 13,
    "type": 2,
    "name": "Monster kill +#"
  },
  {
    "id": 14,
    "type": 2,
    "name": "Critical +#%"
  },
  {
    "id": 15,
    "type": 2,
    "name": "Phản đòn cận chiến+#"
  },
  {
    "id": 16,
    "type": 2,
    "name": "Tốc độ di chuyển+#%"
  },
  {
    "id": 17,
    "type": 2,
    "name": "Né đòn: +#"
  },
  {
    "id": 18,
    "type": 2,
    "name": "Chính xác: +#%"
  },
  {
    "id": 19,
    "type": 2,
    "name": "Attack Monster+#%"
  },
  {
    "id": 20,
    "type": 2,
    "name": "PIN #"
  },
  {
    "id": 21,
    "type": 2,
    "name": "Membutuhkan power # milyar"
  },
  {
    "id": 22,
    "type": 2,
    "name": "HP+#K"
  },
  {
    "id": 23,
    "type": 2,
    "name": "KI+#K"
  },
  {
    "id": 24,
    "type": 2,
    "name": "Gravitasi tinggi ,membuat Lambat area sekitar"
  },
  {
    "id": 25,
    "type": 2,
    "name": "Jubah setiap 5 detik"
  },
  {
    "id": 26,
    "type": 2,
    "name": "Mengubah sekitar menjadi batu setiap 30 detik"
  },
  {
    "id": 27,
    "type": 2,
    "name": "+# HP/30s"
  },
  {
    "id": 28,
    "type": 2,
    "name": "+# KI/30s"
  },
  {
    "id": 29,
    "type": 5,
    "name": "Mengubah sekeliling menjadi coklat setiap 30 detik"
  },
  {
    "id": 30,
    "type": 0,
    "name": "Tidak bisa Bertukar"
  },
  {
    "id": 31,
    "type": 0,
    "name": "Kuantitas #"
  },
  {
    "id": 32,
    "type": 0,
    "name": "Tidak bisa merangkakan"
  },
  {
    "id": 33,
    "type": 6,
    "name": "Dịch chuyển tức thời"
  },
  {
    "id": 34,
    "type": 6,
    "name": "Seal of Star"
  },
  {
    "id": 35,
    "type": 6,
    "name": "Seal of Moon"
  },
  {
    "id": 36,
    "type": 6,
    "name": "Seal of Sun"
  },
  {
    "id": 37,
    "type": 4,
    "name": "Number of Deposit #"
  },
  {
    "id": 38,
    "type": 5,
    "name": "Hanya ketika fusi"
  },
  {
    "id": 39,
    "type": 6,
    "name": "<Update new version required>"
  },
  {
    "id": 40,
    "type": 7,
    "name": "Siêu cải trang # đá ngũ sắc"
  },
  {
    "id": 41,
    "type": 7,
    "name": "Opsi bonus +#:"
  },
  {
    "id": 42,
    "type": 7,
    "name": "Serang +#% pada monster terbang"
  },
  {
    "id": 43,
    "type": 7,
    "name": "Serang +#% pada monster monyet"
  },
  {
    "id": 44,
    "type": 7,
    "name": "Serang +#% pada monster darat"
  },
  {
    "id": 45,
    "type": 7,
    "name": "Serang+#% di Namek"
  },
  {
    "id": 46,
    "type": 7,
    "name": "Serangan+#% pada orang-orang di Bumi"
  },
  {
    "id": 47,
    "type": 0,
    "name": "Defend: +#"
  },
  {
    "id": 48,
    "type": 2,
    "name": "HP, KI +#"
  },
  {
    "id": 49,
    "type": 1,
    "name": "Attack +#%"
  },
  {
    "id": 50,
    "type": 1,
    "name": "Damage bertambah +#%"
  },
  {
    "id": 51,
    "type": 0,
    "name": "Songoku ss#"
  },
  {
    "id": 52,
    "type": 0,
    "name": "Vegeta ss#"
  },
  {
    "id": 53,
    "type": 0,
    "name": "Broly"
  },
  {
    "id": 54,
    "type": 0,
    "name": "Mr. Santa"
  },
  {
    "id": 55,
    "type": 0,
    "name": "Broly ss#"
  },
  {
    "id": 56,
    "type": 0,
    "name": "Trunks"
  },
  {
    "id": 57,
    "type": 0,
    "name": "Tenshinhan"
  },
  {
    "id": 58,
    "type": 0,
    "name": "Android 17"
  },
  {
    "id": 59,
    "type": 0,
    "name": "Super Namek #"
  },
  {
    "id": 60,
    "type": 0,
    "name": "Songoten"
  },
  {
    "id": 61,
    "type": 0,
    "name": "Songoku"
  },
  {
    "id": 62,
    "type": 2,
    "name": "Mengisi HP#%"
  },
  {
    "id": 63,
    "type": 0,
    "name": "Tinggal # hari"
  },
  {
    "id": 64,
    "type": 0,
    "name": "Tinggal # jam"
  },
  {
    "id": 65,
    "type": 0,
    "name": "Tinggal # menit"
  },
  {
    "id": 66,
    "type": 0,
    "name": "Kosong"
  },
  {
    "id": 67,
    "type": 0,
    "name": "Pakai untuk upgrade Gloves"
  },
  {
    "id": 68,
    "type": 0,
    "name": "Pakai untuk upgrade Armor"
  },
  {
    "id": 69,
    "type": 0,
    "name": "Pakai untuk upgrade Pants"
  },
  {
    "id": 70,
    "type": 0,
    "name": "Pakai untuk upgrade Shoes"
  },
  {
    "id": 71,
    "type": 0,
    "name": "Pakai untuk upgrade Radar"
  },
  {
    "id": 72,
    "type": 0,
    "name": "Level #"
  },
  {
    "id": 73,
    "type": 0,
    "name": ""
  },
  {
    "id": 74,
    "type": 0,
    "name": "Pakai untuk upgrade"
  },
  {
    "id": 75,
    "type": 0,
    "name": "Pakai untuk upgrade magic"
  },
  {
    "id": 76,
    "type": 0,
    "name": "VIP"
  },
  {
    "id": 77,
    "type": 0,
    "name": "HP +#%"
  },
  {
    "id": 78,
    "type": 0,
    "name": "Destroy +#%"
  },
  {
    "id": 79,
    "type": 0,
    "name": "Summon #% attack damage"
  },
  {
    "id": 80,
    "type": 0,
    "name": "HP +#%/30s"
  },
  {
    "id": 81,
    "type": 0,
    "name": "KI +#%/30s"
  },
  {
    "id": 82,
    "type": 0,
    "name": "Monster tidak menyerang duluan dan mengurangi damage yang diterima sebanyak 20%"
  },
  {
    "id": 83,
    "type": 0,
    "name": "Meningkatkan Power dan Potential yang didapatkan sebanyak 20% saat menyerang monster"
  },
  {
    "id": 84,
    "type": 0,
    "name": "Terbang tanpa KI"
  },
  {
    "id": 85,
    "type": 0,
    "name": "Terbang dengan mengisi KI"
  },
  {
    "id": 86,
    "type": 0,
    "name": "Titip jual (Gold)"
  },
  {
    "id": 87,
    "type": 0,
    "name": "Titip jual (Gem)"
  },
  {
    "id": 88,
    "type": 0,
    "name": "Tambah #% exp saat melatih monster"
  },
  {
    "id": 89,
    "type": 0,
    "name": "Terbang dengan mengisi HP dan KI"
  },
  {
    "id": 90,
    "type": 0,
    "name": "Sumbang dan coba keberuntungan"
  },
  {
    "id": 91,
    "type": 0,
    "name": "Buka dan coba keberuntungan"
  },
  {
    "id": 92,
    "type": 0,
    "name": "Ucapkan selamat tahun baru ke clan dan semua orang dengan kembang api"
  },
  {
    "id": 93,
    "type": 0,
    "name": "Expr : # hari"
  },
  {
    "id": 94,
    "type": 0,
    "name": "Mengurangi kerusakan #%"
  },
  {
    "id": 95,
    "type": 0,
    "name": "Mengkonversi #% dari kerusakan HP"
  },
  {
    "id": 96,
    "type": 0,
    "name": "Mengkonversi #% dari kerusakan KI"
  },
  {
    "id": 97,
    "type": 0,
    "name": "Mencerminkan #% kerusakan menerima"
  },
  {
    "id": 98,
    "type": 0,
    "name": "#% penetrasi armor dalam serangan KI"
  },
  {
    "id": 99,
    "type": 0,
    "name": "#% penetrasi armor di jarak dekat"
  },
  {
    "id": 100,
    "type": 0,
    "name": "+#% Penurunan Emas dari monster"
  },
  {
    "id": 101,
    "type": 0,
    "name": "+#% power dan SP yang diterima dari monster"
  },
  {
    "id": 102,
    "type": 0,
    "name": "# Bintang Kristal"
  },
  {
    "id": 103,
    "type": 0,
    "name": "KI +#%"
  },
  {
    "id": 104,
    "type": 0,
    "name": "Mengkonversi # % dari kerusakan rakasa untuk HP"
  },
  {
    "id": 105,
    "type": 0,
    "name": "Tak terlihat sementara tidak menyerang rakasa atau bos"
  },
  {
    "id": 106,
    "type": 0,
    "name": "Kekebalan terhadap dingin"
  },
  {
    "id": 107,
    "type": 0,
    "name": "# Bintang Kristal"
  },
  {
    "id": 108,
    "type": 0,
    "name": "#% Menghindari"
  },
  {
    "id": 109,
    "type": 0,
    "name": "Bau Busuk Kerusakan Di Sekitar"
  },
  {
    "id": 110,
    "type": 0,
    "name": "Kesempatan untuk menemukan Kristal Dari monster"
  },
  {
    "id": 111,
    "type": 0,
    "name": "Mengganggu orang sekitar"
  },
  {
    "id": 112,
    "type": 0,
    "name": "#% Diskon saat membeli Menyamar atau Avatar"
  },
  {
    "id": 113,
    "type": 0,
    "name": "Melemparkan Untuk Serigala Hercules"
  },
  {
    "id": 114,
    "type": 0,
    "name": "+#% kecepatan"
  },
  {
    "id": 115,
    "type": 0,
    "name": "Transform sentuhan orang untuk wortel"
  },
  {
    "id": 116,
    "type": 0,
    "name": "Tidak terpengaruh serangan Solar Flare"
  },
  {
    "id": 117,
    "type": 0,
    "name": "Kecantikan menambah kerusakan di sekitar +#%"
  },
  {
    "id": 118,
    "type": 0,
    "name": "Membutakan target dan stun untuk # mili detik"
  },
  {
    "id": 119,
    "type": 0,
    "name": "Membutakan sekitar untuk # detik"
  },
  {
    "id": 120,
    "type": 0,
    "name": "Cool down selama # detik"
  },
  {
    "id": 121,
    "type": 0,
    "name": "Force untuk tidur #detik"
  },
  {
    "id": 122,
    "type": 0,
    "name": "Berlindung selama # detik"
  },
  {
    "id": 123,
    "type": 0,
    "name": "Target pengikatan # detik"
  },
  {
    "id": 124,
    "type": 0,
    "name": "Bangun di dalam kelemahan serangan -#% untuk 10 detik"
  },
  {
    "id": 125,
    "type": 0,
    "name": "Menambah dan restore #% HP untuk kamu dan teman di sekitar mu selama 30 detik"
  },
  {
    "id": 126,
    "type": 0,
    "name": "Ubah target menjadi coklat dan serangan -#% selama 30 detik"
  },
  {
    "id": 127,
    "type": 0,
    "name": "Set Tienshinhan"
  },
  {
    "id": 128,
    "type": 0,
    "name": "Set Kurilin"
  },
  {
    "id": 129,
    "type": 0,
    "name": "Set Songoku"
  },
  {
    "id": 130,
    "type": 0,
    "name": "Set Piccolo"
  },
  {
    "id": 131,
    "type": 0,
    "name": "Set Nail"
  },
  {
    "id": 132,
    "type": 0,
    "name": "Set Pikkoro Daimao"
  },
  {
    "id": 133,
    "type": 0,
    "name": "Set Kakarot"
  },
  {
    "id": 134,
    "type": 0,
    "name": "Set Vegeta"
  },
  {
    "id": 135,
    "type": 0,
    "name": "Set Nappa"
  },
  {
    "id": 136,
    "type": 9,
    "name": "$(5 items +100%  Galick punch damage)"
  },
  {
    "id": 137,
    "type": 9,
    "name": "$(5 items 5x Waktu Perubahan Kera)"
  },
  {
    "id": 138,
    "type": 9,
    "name": "$(5 items +80% HP)"
  },
  {
    "id": 139,
    "type": 9,
    "name": "$(5 items 2x Solar Flare)"
  },
  {
    "id": 140,
    "type": 9,
    "name": "$(5 items +100% Genki-Dama damage)"
  },
  {
    "id": 141,
    "type": 9,
    "name": "$(5 items +100% Kamejoko damage)"
  },
  {
    "id": 142,
    "type": 9,
    "name": "$(5 items +50%  Masenkosappo damage)"
  },
  {
    "id": 143,
    "type": 9,
    "name": "$(5 items : Immortal ketika attack monster)"
  },
  {
    "id": 144,
    "type": 9,
    "name": "$(5 items +100% damage dan immortal untuk murid dari Summon)"
  },
  {
    "id": 145,
    "type": 0,
    "name": "$(Berdekatan dengan player yang memiliki salah satu dr slump disg +20% attack damage +66% kecepatan)"
  },
  {
    "id": 146,
    "type": 0,
    "name": "$(Berdekatan dengan 2 player yang memiliki salah satu dr slump disg +30% attack damage +100% kecepatan)"
  },
  {
    "id": 147,
    "type": 0,
    "name": "+#% attack damage"
  },
  {
    "id": 148,
    "type": 0,
    "name": "+#% kecepatan"
  },
  {
    "id": 149,
    "type": 0,
    "name": "Bertambah ketika berdiri dekat disguise OP lain nya"
  },
  {
    "id": 150,
    "type": 0,
    "name": "Bertambah ketika berdiri didekat disguise Killer Androids"
  },
  {
    "id": 151,
    "type": 0,
    "name": "$(Berdekatan dengan player yang memiliki salah satu Pilaf Team disg +20% attack damage +66% kecepatan)"
  },
  {
    "id": 152,
    "type": 0,
    "name": "$(Berdekatan dengan 2 player yang memiliki salah satu Pilaf Team disg +30% attack damage +100% kecepatan)"
  },
  {
    "id": 153,
    "type": 0,
    "name": "50% Chance untuk meledak setelah mati"
  },
  {
    "id": 154,
    "type": 0,
    "name": "Tidak bisa dijual"
  },
  {
    "id": 155,
    "type": 0,
    "name": "Kurangi 50% Attack, HP, KI dan +#% Power, Potential, Drop Gold"
  },
  {
    "id": 156,
    "type": 0,
    "name": "Akumulasi 1% Attack ketika hanya menggunakan skill pukulan, Max #%"
  },
  {
    "id": 157,
    "type": 0,
    "name": "Kurangi #% semua Damage ketika KI dibawah 20%"
  },
  {
    "id": 158,
    "type": 0,
    "name": "Anda dapat menemukan barang-barang acara secara acak ketika Anda telanjang dan tanpa menyamar."
  },
  {
    "id": 159,
    "type": 0,
    "name": "x# Basic Damage Ki Blast per menit"
  },
  {
    "id": 160,
    "type": 0,
    "name": "+#% Potensial Murid, Power ketika Guru menggunakan Disguise ini"
  },
  {
    "id": 161,
    "type": 0,
    "name": "Menerima # gems harian gratis dari mengalahkan monster."
  },
  {
    "id": 162,
    "type": 0,
    "name": "Efek lucu regen #% KI/s untuk Anda dan ramah di sekitar"
  },
  {
    "id": 163,
    "type": 0,
    "name": "Ubah orang menjadi labu"
  },
  {
    "id": 164,
    "type": 0,
    "name": "Tukarkan # Point Event"
  },
  {
    "id": 165,
    "type": 0,
    "name": "Chance +#% Fire damage when melee attack monsters"
  },
  {
    "id": 166,
    "type": 0,
    "name": "Kekuatan serangan keren +#% saat terbang dengan Disguise Tao Pai-pai"
  },
  {
    "id": 167,
    "type": 0,
    "name": "Ciptakan udara dingin"
  },
  {
    "id": 168,
    "type": 0,
    "name": "Menyerap kerusakan untuk meningkatkan kekuatan serangan"
  },
  {
    "id": 169,
    "type": 0,
    "name": "Peluang untuk meracuni musuh"
  },
  {
    "id": 170,
    "type": 0,
    "name": "Kekuatan serangan keren +#% saat terbang dengan Disguise Keluarga Frieza"
  },
  {
    "id": 171,
    "type": 0,
    "name": "Kuantitas #K"
  },
  {
    "id": 172,
    "type": 0,
    "name": "#"
  },
  {
    "id": 173,
    "type": 0,
    "name": "Isi #% HP dan KI"
  },
  {
    "id": 174,
    "type": 0,
    "name": "Event di tahun #"
  },
  {
    "id": 175,
    "type": 0,
    "name": "Kurangi #% waktu buta"
  },
  {
    "id": 176,
    "type": 0,
    "name": "$(Berdiri di dekat 4 orang teman + 20% Attack + 50% Speed berlari)"
  },
  {
    "id": 177,
    "type": 0,
    "name": "$(Hingga +2% dari semua jika dekat Fat Mabu)"
  },
  {
    "id": 178,
    "type": 0,
    "name": "KI +#%/10s"
  },
  {
    "id": 179,
    "type": 0,
    "name": "+2% kerusakan serangan, hingga 10% saat di dekat Demons Frost Disguise"
  },
  {
    "id": 180,
    "type": 0,
    "name": "+#% kerusakan serangan saat di dekat Black Gohan Rose Disguise"
  },
  {
    "id": 181,
    "type": 0,
    "name": "Serangan teleportasi +#% kerusakan"
  },
  {
    "id": 182,
    "type": 0,
    "name": "+#% kerusakan untuk murid pemanggil"
  },
  {
    "id": 183,
    "type": 0,
    "name": "Kurangi #% cooldown Perisai"
  },
  {
    "id": 184,
    "type": 0,
    "name": "+#% kekuatan serangan, hingga 10% saat berada di dekat Green Gohan, Red Android 18, boneka Arale"
  },
  {
    "id": 185,
    "type": 0,
    "name": "+# jam"
  },
  {
    "id": 186,
    "type": 0,
    "name": "Putar permen 30 detik"
  },
  {
    "id": 187,
    "type": 0,
    "name": "Kurangi waktu buta # detik"
  },
  {
    "id": 188,
    "type": 0,
    "name": "Murid kame kame ha +#% kerusakan"
  },
  {
    "id": 189,
    "type": 0,
    "name": "Murid anatomi +#% kerusakan"
  },
  {
    "id": 190,
    "type": 0,
    "name": "Murid masenko +#% kerusakan"
  },
  {
    "id": 191,
    "type": 0,
    "name": "Penghindaran Kritis+#%"
  },
  {
    "id": 192,
    "type": 0,
    "name": "+#% Critical"
  },
  {
    "id": 193,
    "type": 0,
    "name": "+#% kekuatan serangan, hingga 11% saat berada di dekat Penyamaran pemain sepak bola"
  },
  {
    "id": 194,
    "type": 0,
    "name": "+#% kekuatan serangan, hingga 10% saat berada di dekat Penyamaran Musim Panas lainnya"
  },
  {
    "id": 195,
    "type": 0,
    "name": "+#% kekuatan serangan, hingga 10% saat berada di dekat Penyamaran Pahlawan Super lain"
  },
  {
    "id": 196,
    "type": 0,
    "name": "Kecantikan +#% kekuatan serangan, hingga 18% saat berada di dekat Penyamaran Kelinci lain"
  },
  {
    "id": 197,
    "type": 7,
    "name": "Serang+#% pada Saiyan"
  },
  {
    "id": 198,
    "type": 7,
    "name": "Kurangi #% kerusakan dari Penduduk Bumi"
  },
  {
    "id": 199,
    "type": 7,
    "name": "Kurangi #% kerusakan dari Nameks"
  },
  {
    "id": 200,
    "type": 7,
    "name": "Kurangi #% kerusakan dari Saiyan"
  },
  {
    "id": 201,
    "type": 7,
    "name": "Serang+#% dekat 2 anggota klan"
  },
  {
    "id": 202,
    "type": 7,
    "name": "HP+#% dekat 2 anggota klan"
  },
  {
    "id": 203,
    "type": 7,
    "name": "KI+#% dekat 2 anggota klan"
  },
  {
    "id": 204,
    "type": 7,
    "name": "Serang+#% pada Boss"
  },
  {
    "id": 205,
    "type": 7,
    "name": "+#% kekuatan serangan, hingga 18% saat di dekat Demon Slayer menyamar"
  },
  {
    "id": 206,
    "type": 0,
    "name": "Item langka dijatuhkan dari monster (+#%)"
  },
  {
    "id": 207,
    "type": 0,
    "name": "Item langka dijatuhkan dari bos (+#%)"
  },
  {
    "id": 208,
    "type": 0,
    "name": "Peralatan yang diubah"
  },
  {
    "id": 209,
    "type": 0,
    "name": "Turun level # kali"
  },
  {
    "id": 210,
    "type": 0,
    "name": "# Opsi tersembunyi"
  },
  {
    "id": 211,
    "type": 0,
    "name": "Tidak teridentifikasi #/5"
  },
  {
    "id": 212,
    "type": 0,
    "name": "Daya Tahan #/1000"
  },
  {
    "id": 213,
    "type": 0,
    "name": "Nilai Jual: # juta emas"
  },
  {
    "id": 214,
    "type": 0,
    "name": "Rentang Keterampilan Super +#%"
  },
  {
    "id": 215,
    "type": 0,
    "name": "Jumlah target +#"
  },
  {
    "id": 216,
    "type": 0,
    "name": "Keterampilan Super +#% kerusakan"
  },
  {
    "id": 217,
    "type": 0,
    "name": "- Tidak diverifikasi"
  },
  {
    "id": 218,
    "type": 0,
    "name": "---------"
  },
  {
    "id": 219,
    "type": 0,
    "name": "Waktu Refine #"
  },
  {
    "id": 220,
    "type": 0,
    "name": "Selesai #%"
  },
  {
    "id": 221,
    "type": 0,
    "name": "Memulihkan #% HP dan KI setiap 30 detik untuk diri sendiri dan sekutu"
  },
  {
    "id": 222,
    "type": 0,
    "name": "Kerusakan serangan 120 detik #% selama 30 detik"
  },
  {
    "id": 223,
    "type": 0,
    "name": "120 detik memulihkan #% HP dalam 30 detik"
  },
  {
    "id": 224,
    "type": 0,
    "name": "Mengurangi waktu cooldown semua keterampilan hingga 0,1 detik"
  },
  {
    "id": 225,
    "type": 0,
    "name": "Mengurangi # detik waktu Mafuba yang terpengaruh"
  },
  {
    "id": 226,
    "type": 0,
    "name": "Peningkatan kerusakan yang lucu pada semua orang di sekitar +#%"
  },
  {
    "id": 227,
    "type": 0,
    "name": "Mengurangi sebesar #% efek serangan kontrol saat menggunakan perisai energi"
  },
  {
    "id": 228,
    "type": 0,
    "name": "Ditingkatkan ke soket bintang kristal #"
  },
  {
    "id": 229,
    "type": 0,
    "name": "Dingin menyebabkan pengurangan #% HP dan KI setiap 30 detik pada orang di sekitar"
  },
  {
    "id": 230,
    "type": 0,
    "name": "+# juta potensi, kekuatan"
  },
  {
    "id": 231,
    "type": 0,
    "name": "Tanggal Kadaluwarsa atau Permanen"
  },
  {
    "id": 232,
    "type": 0,
    "name": "Transaksi Tersisa: #"
  },
  {
    "id": 233,
    "type": 0,
    "name": "Set Gohan"
  },
  {
    "id": 234,
    "type": 9,
    "name": "$(5 item +150% keberuntungan +30% lebih banyak emas yang jatuh dari monster)"
  },
  {
    "id": 235,
    "type": 0,
    "name": "Jumlah Consignment yang tersisa: #"
  },
  {
    "id": 236,
    "type": 0,
    "name": "+#% Keberuntungan"
  }
]