[
  {
    "id": 0,
    "name": "Aru village"
  },
  {
    "id": 1,
    "name": "Chrysanthemum hill"
  },
  {
    "id": 2,
    "name": "Bamboo valley"
  },
  {
    "id": 3,
    "name": "Mushroom forest"
  },
  {
    "id": 4,
    "name": "Bone forest"
  },
  {
    "id": 5,
    "name": "Kame island"
  },
  {
    "id": 6,
    "name": "East Karin"
  },
  {
    "id": 7,
    "name": "Mori village"
  },
  {
    "id": 8,
    "name": "Purple mushroom hill"
  },
  {
    "id": 9,
    "name": "Moori town"
  },
  {
    "id": 10,
    "name": "Namek valley"
  },
  {
    "id": 11,
    "name": "Maima valley"
  },
  {
    "id": 12,
    "name": "Maima deep"
  },
  {
    "id": 13,
    "name": "Guru island"
  },
  {
    "id": 14,
    "name": "Kakalot village"
  },
  {
    "id": 15,
    "name": "Abadon hill"
  },
  {
    "id": 16,
    "name": "Plant village"
  },
  {
    "id": 17,
    "name": "Primary forest"
  },
  {
    "id": 18,
    "name": "Sayda pine forest"
  },
  {
    "id": 19,
    "name": "Vegeta city"
  },
  {
    "id": 20,
    "name": "Black diff"
  },
  {
    "id": 21,
    "name": "Gohan house"
  },
  {
    "id": 22,
    "name": "Moori house"
  },
  {
    "id": 23,
    "name": "Broly house"
  },
  {
    "id": 24,
    "name": "Spaceship station"
  },
  {
    "id": 25,
    "name": "Spaceship station"
  },
  {
    "id": 26,
    "name": "Spaceship station"
  },
  {
    "id": 27,
    "name": "Bamboo forest"
  },
  {
    "id": 28,
    "name": "Fern forest"
  },
  {
    "id": 29,
    "name": "South Kame"
  },
  {
    "id": 30,
    "name": "Bulong island"
  },
  {
    "id": 31,
    "name": "Yellow flowers mountain"
  },
  {
    "id": 32,
    "name": "Purple flowers mountain"
  },
  {
    "id": 33,
    "name": "South Guru"
  },
  {
    "id": 34,
    "name": "East South Guru"
  },
  {
    "id": 35,
    "name": "Palm forest"
  },
  {
    "id": 36,
    "name": "Stone forest"
  },
  {
    "id": 37,
    "name": "Black valley"
  },
  {
    "id": 38,
    "name": "Black deep"
  },
  {
    "id": 39,
    "name": "Aru cliff"
  },
  {
    "id": 40,
    "name": "Moori cliff"
  },
  {
    "id": 41,
    "name": "Plant deep"
  },
  {
    "id": 42,
    "name": "Aru cliff"
  },
  {
    "id": 43,
    "name": "Moori cliff"
  },
  {
    "id": 44,
    "name": "Kakarot cliff"
  },
  {
    "id": 45,
    "name": "Sama palace"
  },
  {
    "id": 46,
    "name": "Karin tower"
  },
  {
    "id": 47,
    "name": "Karin forest"
  },
  {
    "id": 48,
    "name": "Kaio planet"
  },
  {
    "id": 49,
    "name": "Hyperbolic Time Chamber"
  },
  {
    "id": 50,
    "name": "The Sacred World of the Kais"
  },
  {
    "id": 51,
    "name": "Arena"
  },
  {
    "id": 52,
    "name": "World Martial Arts Tournament"
  },
  {
    "id": 53,
    "name": "Wall 1"
  },
  {
    "id": 54,
    "name": "Floor 3"
  },
  {
    "id": 55,
    "name": "Floor 1"
  },
  {
    "id": 56,
    "name": "Floor 2"
  },
  {
    "id": 57,
    "name": "Floor 4"
  },
  {
    "id": 58,
    "name": "Wall 2"
  },
  {
    "id": 59,
    "name": "Wall 3"
  },
  {
    "id": 60,
    "name": "General Red camp 1"
  },
  {
    "id": 61,
    "name": "General Red camp 2"
  },
  {
    "id": 62,
    "name": "General Red camp 3"
  },
  {
    "id": 63,
    "name": "Frieza camp"
  },
  {
    "id": 64,
    "name": "Vines mountain"
  },
  {
    "id": 65,
    "name": "Evil trees mountain"
  },
  {
    "id": 66,
    "name": "Old evil camp"
  },
  {
    "id": 67,
    "name": "Dead deep"
  },
  {
    "id": 68,
    "name": "Nappa valley"
  },
  {
    "id": 69,
    "name": "Forbidden deep"
  },
  {
    "id": 70,
    "name": "Appule mountain"
  },
  {
    "id": 71,
    "name": "Raspberry base"
  },
  {
    "id": 72,
    "name": "Raspberry valley"
  },
  {
    "id": 73,
    "name": "Dead valley"
  },
  {
    "id": 74,
    "name": "Frieza trees hill"
  },
  {
    "id": 75,
    "name": "Dead cliff"
  },
  {
    "id": 76,
    "name": "Stone mountain"
  },
  {
    "id": 77,
    "name": "Stone forest"
  },
  {
    "id": 78,
    "name": "Frieza sanctuary"
  },
  {
    "id": 79,
    "name": "Red monkey mountain"
  },
  {
    "id": 80,
    "name": "Yellow monkey mountain"
  },
  {
    "id": 81,
    "name": "Devil bird cave"
  },
  {
    "id": 82,
    "name": "Black monkey mountain"
  },
  {
    "id": 83,
    "name": "Black monkey cave"
  },
  {
    "id": 84,
    "name": "Super Market"
  },
  {
    "id": 85,
    "name": "Planet M-2"
  },
  {
    "id": 86,
    "name": "Planet Polaris"
  },
  {
    "id": 87,
    "name": "Planet Cretaceous"
  },
  {
    "id": 88,
    "name": "Planet Monmaasu"
  },
  {
    "id": 89,
    "name": "Planet Rudeeze"
  },
  {
    "id": 90,
    "name": "Planet Gelbo"
  },
  {
    "id": 91,
    "name": "Planet Tigere"
  },
  {
    "id": 92,
    "name": "East City"
  },
  {
    "id": 93,
    "name": "South City"
  },
  {
    "id": 94,
    "name": "Sasebo islands"
  },
  {
    "id": 95,
    "name": "95"
  },
  {
    "id": 96,
    "name": "Highlands"
  },
  {
    "id": 97,
    "name": "North City"
  },
  {
    "id": 98,
    "name": "North Mountain"
  },
  {
    "id": 99,
    "name": "North Valley"
  },
  {
    "id": 100,
    "name": "Ginder Town"
  },
  {
    "id": 101,
    "name": "101"
  },
  {
    "id": 102,
    "name": "Bulma Home"
  },
  {
    "id": 103,
    "name": "Cell Tournament"
  },
  {
    "id": 104,
    "name": "Backyard Super Market"
  },
  {
    "id": 105,
    "name": "Snow Field"
  },
  {
    "id": 106,
    "name": "Snow Forest"
  },
  {
    "id": 107,
    "name": "Snow Mountain"
  },
  {
    "id": 108,
    "name": "Frozen River"
  },
  {
    "id": 109,
    "name": "Frozen Forest"
  },
  {
    "id": 110,
    "name": "Frozen Cave"
  },
  {
    "id": 111,
    "name": "East South Karin"
  },
  {
    "id": 112,
    "name": "Baba Tournament"
  },
  {
    "id": 113,
    "name": "World Martial Arts Tournament"
  },
  {
    "id": 114,
    "name": "Space Ship Door"
  },
  {
    "id": 115,
    "name": "Waiting Room"
  },
  {
    "id": 116,
    "name": "Kaio Secret Land"
  },
  {
    "id": 117,
    "name": "Room 1"
  },
  {
    "id": 118,
    "name": "Room 2"
  },
  {
    "id": 119,
    "name": "Room 3"
  },
  {
    "id": 120,
    "name": "Commander Room"
  },
  {
    "id": 121,
    "name": "Arena"
  },
  {
    "id": 122,
    "name": "Gunung Lima elemen"
  },
  {
    "id": 123,
    "name": "Gunung Lima elemen"
  },
  {
    "id": 124,
    "name": "Gunung Lima elemen"
  },
  {
    "id": 125,
    "name": "Clan Tournament"
  },
  {
    "id": 126,
    "name": "Santa city"
  },
  {
    "id": 127,
    "name": "Space Ship Door"
  },
  {
    "id": 128,
    "name": "Maboo Tomach"
  },
  {
    "id": 129,
    "name": "World Martial Arts Tournament"
  },
  {
    "id": 130,
    "name": "Univer Martial Arts Tournament"
  },
  {
    "id": 131,
    "name": "Yardart Planet"
  },
  {
    "id": 132,
    "name": "Yardart Planet 2"
  },
  {
    "id": 133,
    "name": "Yardart Planet 3"
  },
  {
    "id": 134,
    "name": "Univer Martial Arts Tournament 6-7"
  },
  {
    "id": 135,
    "name": "Pirate Cave"
  },
  {
    "id": 136,
    "name": "Octopus Cave"
  },
  {
    "id": 137,
    "name": "Treasure Cave"
  },
  {
    "id": 138,
    "name": "Pirate port"
  },
  {
    "id": 139,
    "name": "Planet Potaufeu"
  },
  {
    "id": 140,
    "name": "Potaufeu Cave"
  },
  {
    "id": 141,
    "name": "Snake Way"
  },
  {
    "id": 142,
    "name": "Snake Way"
  },
  {
    "id": 143,
    "name": "Snake Way"
  },
  {
    "id": 144,
    "name": "Wasteland"
  },
  {
    "id": 145,
    "name": "Super Tournament"
  },
  {
    "id": 146,
    "name": "West Karin"
  },
  {
    "id": 147,
    "name": "Desert"
  },
  {
    "id": 148,
    "name": "Evil Castle"
  },
  {
    "id": 149,
    "name": "Santa City"
  },
  {
    "id": 150,
    "name": "Offline Tournament"
  },
  {
    "id": 151,
    "name": "Dark Planet"
  },
  {
    "id": 152,
    "name": "Land of Ice"
  },
  {
    "id": 153,
    "name": "Clan Area"
  },
  {
    "id": 154,
    "name": "The Beerus Planet"
  },
  {
    "id": 155,
    "name": "The Prison Planet"
  },
  {
    "id": 156,
    "name": "West Kai's Sacred World"
  },
  {
    "id": 157,
    "name": "East Kai's Sacred World"
  },
  {
    "id": 158,
    "name": "North Kai's Sacred World"
  },
  {
    "id": 159,
    "name": "South Kai's Sacred World"
  },
  {
    "id": 160,
    "name": "Cave Area"
  },
  {
    "id": 161,
    "name": "The edge of the primitive forest"
  },
  {
    "id": 162,
    "name": "Primitive forest"
  },
  {
    "id": 163,
    "name": "Ancestral Plant Village"
  },
  {
    "id": 164,
    "name": "Maima valley"
  },
  {
    "id": 165,
    "name": "Map Boss"
  },
  {
    "id": 166,
    "name": "The Prison Planet"
  },
  {
    "id": 167,
    "name": "The Bloody Pond 1"
  },
  {
    "id": 168,
    "name": "The Bloody Pond 2"
  },
  {
    "id": 169,
    "name": "The Bloody Pond 3"
  },
  {
    "id": 170,
    "name": "Hyperbolic Time Chamber"
  },
  {
    "id": 171,
    "name": "The Bloody Pond 4"
  },
  {
    "id": 172,
    "name": "Phòng chờ thời gian"
  },
  {
    "id": 173,
    "name": "Snow Field 2"
  },
  {
    "id": 174,
    "name": "Snow Forest 2"
  },
  {
    "id": 175,
    "name": "Frozen Cave 2"
  },
  {
    "id": 176,
    "name": "NEW South Kame"
  },
  {
    "id": 177,
    "name": "Primary forest"
  },
  {
    "id": 178,
    "name": "North Mountain"
  }
]