[
  {
    "classId": 0,
    "name": "Chưa vào lớp",
    "skillTemplates": [
      {
        "id": 0,
        "maxPoint": 7,
        "manaUseType": 0,
        "type": 1,
        "icon": 539,
        "name": "Dragon punches",
        "description": "Serangan jarak dekat",
        "damInfo": "Tambah damage: #% ",
        "skills": [
          {
            "point": 1,
            "maxFight": 1,
            "manaUse": 1,
            "skillId": 0,
            "dx": 32,
            "dy": 18,
            "damage": 100,
            "price": 0,
            "coolDown": 500,
            "powRequire": 1000,
            "moreInfo": "di kakek"
          },
          {
            "point": 2,
            "maxFight": 1,
            "manaUse": 2,
            "skillId": 1,
            "dx": 34,
            "dy": 18,
            "damage": 110,
            "price": 10,
            "coolDown": 500,
            "powRequire": 10000,
            "moreInfo": "di kakek"
          },
          {
            "point": 3,
            "maxFight": 1,
            "manaUse": 4,
            "skillId": 2,
            "dx": 36,
            "dy": 18,
            "damage": 120,
            "price": 50,
            "coolDown": 500,
            "powRequire": 22000,
            "moreInfo": "di Kame Senin"
          },
          {
            "point": 4,
            "maxFight": 1,
            "manaUse": 8,
            "skillId": 3,
            "dx": 38,
            "dy": 18,
            "damage": 130,
            "price": 100,
            "coolDown": 500,
            "powRequire": 66000,
            "moreInfo": "di Kame Senin"
          },
          {
            "point": 5,
            "maxFight": 1,
            "manaUse": 16,
            "skillId": 4,
            "dx": 40,
            "dy": 18,
            "damage": 140,
            "price": 500,
            "coolDown": 500,
            "powRequire": 200000,
            "moreInfo": "di Kame Senin"
          },
          {
            "point": 6,
            "maxFight": 1,
            "manaUse": 32,
            "skillId": 5,
            "dx": 42,
            "dy": 18,
            "damage": 150,
            "price": 1000,
            "coolDown": 500,
            "powRequire": 600000,
            "moreInfo": "di Kame Senin"
          },
          {
            "point": 7,
            "maxFight": 1,
            "manaUse": 70,
            "skillId": 6,
            "dx": 44,
            "dy": 18,
            "damage": 160,
            "price": 2000,
            "coolDown": 500,
            "powRequire": 1800000,
            "moreInfo": "di Kame Senin"
          }
        ]
      },
      {
        "id": 1,
        "maxPoint": 7,
        "manaUseType": 0,
        "type": 1,
        "icon": 540,
        "name": "Kame kame ha",
        "description": "Serangan jarak jauh",
        "damInfo": "Tambah damage: #% ",
        "skills": [
          {
            "point": 1,
            "maxFight": 1,
            "manaUse": 30,
            "skillId": 7,
            "dx": 160,
            "dy": 160,
            "damage": 150,
            "price": 500,
            "coolDown": 2000,
            "powRequire": 10000,
            "moreInfo": "(Kame joko 1) Belajar di guru besar"
          },
          {
            "point": 2,
            "maxFight": 1,
            "manaUse": 60,
            "skillId": 8,
            "dx": 170,
            "dy": 170,
            "damage": 200,
            "price": 1000,
            "coolDown": 2500,
            "powRequire": 20000,
            "moreInfo": "(Kame joko 2) Belajar di guru besar"
          },
          {
            "point": 3,
            "maxFight": 1,
            "manaUse": 120,
            "skillId": 9,
            "dx": 180,
            "dy": 180,
            "damage": 250,
            "price": 2000,
            "coolDown": 3000,
            "powRequire": 60000,
            "moreInfo": "(Kame joko 3) Belajar di guru besar"
          },
          {
            "point": 4,
            "maxFight": 1,
            "manaUse": 240,
            "skillId": 10,
            "dx": 190,
            "dy": 190,
            "damage": 300,
            "price": 4000,
            "coolDown": 3500,
            "powRequire": 180000,
            "moreInfo": "(Kame joko 14) Belajar di guru besar"
          },
          {
            "point": 5,
            "maxFight": 1,
            "manaUse": 480,
            "skillId": 11,
            "dx": 200,
            "dy": 200,
            "damage": 350,
            "price": 8000,
            "coolDown": 4000,
            "powRequire": 540000,
            "moreInfo": "(Kame joko 5) Belajar di guru besar"
          },
          {
            "point": 6,
            "maxFight": 1,
            "manaUse": 960,
            "skillId": 12,
            "dx": 210,
            "dy": 210,
            "damage": 400,
            "price": 9999,
            "coolDown": 4500,
            "powRequire": 1600000,
            "moreInfo": "(Kame joko 6) Belajar di guru besar"
          },
          {
            "point": 7,
            "maxFight": 1,
            "manaUse": 1280,
            "skillId": 13,
            "dx": 220,
            "dy": 220,
            "damage": 450,
            "price": 9999,
            "coolDown": 5000,
            "powRequire": 4800000,
            "moreInfo": "(Kame joko 7) Belajar di guru besar"
          }
        ]
      },
      {
        "id": 6,
        "maxPoint": 7,
        "manaUseType": 1,
        "type": 3,
        "icon": 717,
        "name": "Solar flare",
        "description": "Membutakan musuh",
        "damInfo": "Waktu efek: # mili detik",
        "skills": [
          {
            "point": 1,
            "maxFight": 1,
            "manaUse": 45,
            "skillId": 42,
            "dx": 150,
            "dy": 150,
            "damage": 3000,
            "price": 500,
            "coolDown": 60000,
            "powRequire": 60000,
            "moreInfo": "Belajar pada Kame-senin"
          },
          {
            "point": 2,
            "maxFight": 1,
            "manaUse": 40,
            "skillId": 43,
            "dx": 180,
            "dy": 180,
            "damage": 4000,
            "price": 1000,
            "coolDown": 55000,
            "powRequire": 120000,
            "moreInfo": "Belajar pada Kame-senin"
          },
          {
            "point": 3,
            "maxFight": 1,
            "manaUse": 35,
            "skillId": 44,
            "dx": 210,
            "dy": 210,
            "damage": 5000,
            "price": 2000,
            "coolDown": 50000,
            "powRequire": 360000,
            "moreInfo": "Belajar pada Kame-senin"
          },
          {
            "point": 4,
            "maxFight": 1,
            "manaUse": 30,
            "skillId": 45,
            "dx": 240,
            "dy": 240,
            "damage": 6000,
            "price": 4000,
            "coolDown": 45000,
            "powRequire": 1000000,
            "moreInfo": "Belajar pada Kame-senin"
          },
          {
            "point": 5,
            "maxFight": 1,
            "manaUse": 25,
            "skillId": 46,
            "dx": 270,
            "dy": 270,
            "damage": 7000,
            "price": 8000,
            "coolDown": 40000,
            "powRequire": 3200000,
            "moreInfo": "Belajar pada Kame-senin"
          },
          {
            "point": 6,
            "maxFight": 1,
            "manaUse": 20,
            "skillId": 47,
            "dx": 300,
            "dy": 300,
            "damage": 8000,
            "price": 9999,
            "coolDown": 35000,
            "powRequire": 10000000,
            "moreInfo": "Belajar pada Kame-senin"
          },
          {
            "point": 7,
            "maxFight": 1,
            "manaUse": 15,
            "skillId": 48,
            "dx": 330,
            "dy": 330,
            "damage": 9000,
            "price": 9999,
            "coolDown": 30000,
            "powRequire": 30000000,
            "moreInfo": "Belajar pada Kame-senin"
          }
        ]
      },
      {
        "id": 9,
        "maxPoint": 7,
        "manaUseType": 0,
        "type": 1,
        "icon": 716,
        "name": "Kaioken",
        "description": "Melee attack, massive damage",
        "damInfo": "Increase damage: #%",
        "skills": [
          {
            "point": 2,
            "maxFight": 1,
            "manaUse": 13000,
            "skillId": 64,
            "dx": 32,
            "dy": 32,
            "damage": 170,
            "price": 9999,
            "coolDown": 500,
            "powRequire": 200000000,
            "moreInfo": "(Kaioken 2)"
          },
          {
            "point": 3,
            "maxFight": 1,
            "manaUse": 15000,
            "skillId": 65,
            "dx": 32,
            "dy": 32,
            "damage": 180,
            "price": 9999,
            "coolDown": 500,
            "powRequire": 250000000,
            "moreInfo": "(Kaioken 3)"
          },
          {
            "point": 4,
            "maxFight": 1,
            "manaUse": 18000,
            "skillId": 66,
            "dx": 32,
            "dy": 32,
            "damage": 190,
            "price": 9999,
            "coolDown": 500,
            "powRequire": 300000000,
            "moreInfo": "(Kaioken 4)"
          },
          {
            "point": 5,
            "maxFight": 1,
            "manaUse": 21000,
            "skillId": 67,
            "dx": 32,
            "dy": 32,
            "damage": 200,
            "price": 9999,
            "coolDown": 500,
            "powRequire": 350000000,
            "moreInfo": "(Kaioken 5)"
          },
          {
            "point": 6,
            "maxFight": 1,
            "manaUse": 24000,
            "skillId": 68,
            "dx": 32,
            "dy": 32,
            "damage": 210,
            "price": 9999,
            "coolDown": 500,
            "powRequire": 400000000,
            "moreInfo": "(Kaioken 6)"
          },
          {
            "point": 7,
            "maxFight": 1,
            "manaUse": 27000,
            "skillId": 69,
            "dx": 32,
            "dy": 32,
            "damage": 220,
            "price": 9999,
            "coolDown": 500,
            "powRequire": 450000000,
            "moreInfo": "(Kaioken 7)"
          },
          {
            "point": 1,
            "maxFight": 1,
            "manaUse": 9000,
            "skillId": 63,
            "dx": 32,
            "dy": 32,
            "damage": 160,
            "price": 9999,
            "coolDown": 500,
            "powRequire": 150000000,
            "moreInfo": "(Kaioken 1)"
          }
        ]
      },
      {
        "id": 10,
        "maxPoint": 7,
        "manaUseType": 1,
        "type": 1,
        "icon": 711,
        "name": "Genki-Dama",
        "description": "Globe energy ,damage sangat besar",
        "damInfo": " Destroy damage: #% ",
        "skills": [
          {
            "point": 1,
            "maxFight": 1,
            "manaUse": 50,
            "skillId": 70,
            "dx": 300,
            "dy": 300,
            "damage": 500,
            "price": 9999,
            "coolDown": 360000,
            "powRequire": 500000000,
            "moreInfo": "(Genki-Dama 1)"
          },
          {
            "point": 2,
            "maxFight": 1,
            "manaUse": 55,
            "skillId": 71,
            "dx": 400,
            "dy": 400,
            "damage": 600,
            "price": 9999,
            "coolDown": 350000,
            "powRequire": 600000000,
            "moreInfo": "(Genki-Dama 2)"
          },
          {
            "point": 3,
            "maxFight": 1,
            "manaUse": 60,
            "skillId": 72,
            "dx": 500,
            "dy": 500,
            "damage": 700,
            "price": 9999,
            "coolDown": 340000,
            "powRequire": 700000000,
            "moreInfo": "(Genki-Dama 3)"
          },
          {
            "point": 4,
            "maxFight": 1,
            "manaUse": 65,
            "skillId": 73,
            "dx": 600,
            "dy": 600,
            "damage": 800,
            "price": 9999,
            "coolDown": 330000,
            "powRequire": 800000000,
            "moreInfo": "(Genki-Dama 4)"
          },
          {
            "point": 5,
            "maxFight": 1,
            "manaUse": 70,
            "skillId": 74,
            "dx": 700,
            "dy": 700,
            "damage": 900,
            "price": 9999,
            "coolDown": 320000,
            "powRequire": 900000000,
            "moreInfo": "(Genki-Dama 5)"
          },
          {
            "point": 6,
            "maxFight": 1,
            "manaUse": 75,
            "skillId": 75,
            "dx": 800,
            "dy": 800,
            "damage": 1000,
            "price": 9999,
            "coolDown": 310000,
            "powRequire": 1000000000,
            "moreInfo": "(Genki-Dama 6)"
          },
          {
            "point": 7,
            "maxFight": 1,
            "manaUse": 80,
            "skillId": 76,
            "dx": 900,
            "dy": 900,
            "damage": 1100,
            "price": 9999,
            "coolDown": 300000,
            "powRequire": 1100000000,
            "moreInfo": "(Genki-Dama 7)"
          }
        ]
      },
      {
        "id": 20,
        "maxPoint": 7,
        "manaUseType": 0,
        "type": 1,
        "icon": 3783,
        "name": "Teleport",
        "description": "Teleport",
        "damInfo": "Teleport and stun enemy",
        "skills": [
          {
            "point": 1,
            "maxFight": 1,
            "manaUse": 5000,
            "skillId": 128,
            "dx": 5000,
            "dy": 5000,
            "damage": 1000,
            "price": 9999,
            "coolDown": 20000,
            "powRequire": 10000000,
            "moreInfo": "Teleport"
          },
          {
            "point": 2,
            "maxFight": 1,
            "manaUse": 7000,
            "skillId": 129,
            "dx": 5000,
            "dy": 5000,
            "damage": 1500,
            "price": 9999,
            "coolDown": 19000,
            "powRequire": 25000000,
            "moreInfo": "Teleport"
          },
          {
            "point": 3,
            "maxFight": 1,
            "manaUse": 10000,
            "skillId": 130,
            "dx": 5000,
            "dy": 5000,
            "damage": 2000,
            "price": 9999,
            "coolDown": 18000,
            "powRequire": 50000000,
            "moreInfo": "Teleport"
          },
          {
            "point": 4,
            "maxFight": 1,
            "manaUse": 15000,
            "skillId": 131,
            "dx": 5000,
            "dy": 5000,
            "damage": 2500,
            "price": 9999,
            "coolDown": 17000,
            "powRequire": 125000000,
            "moreInfo": "Teleport"
          },
          {
            "point": 5,
            "maxFight": 1,
            "manaUse": 20000,
            "skillId": 132,
            "dx": 5000,
            "dy": 5000,
            "damage": 3000,
            "price": 9999,
            "coolDown": 16000,
            "powRequire": 625000000,
            "moreInfo": "Teleport"
          },
          {
            "point": 6,
            "maxFight": 1,
            "manaUse": 25000,
            "skillId": 133,
            "dx": 5000,
            "dy": 5000,
            "damage": 3500,
            "price": 9999,
            "coolDown": 15000,
            "powRequire": 3125000000,
            "moreInfo": "Teleport"
          },
          {
            "point": 7,
            "maxFight": 1,
            "manaUse": 30000,
            "skillId": 134,
            "dx": 5000,
            "dy": 5000,
            "damage": 4000,
            "price": 9999,
            "coolDown": 14000,
            "powRequire": 15625000000,
            "moreInfo": "Teleport"
          }
        ]
      },
      {
        "id": 22,
        "maxPoint": 7,
        "manaUseType": 0,
        "type": 1,
        "icon": 3782,
        "name": "Hypnosis",
        "description": "Hypnosis",
        "damInfo": "Force enemy sleep # second",
        "skills": [
          {
            "point": 1,
            "maxFight": 1,
            "manaUse": 10000,
            "skillId": 142,
            "dx": 200,
            "dy": 200,
            "damage": 5,
            "price": 9999,
            "coolDown": 30000,
            "powRequire": 10000000,
            "moreInfo": "Confuse"
          },
          {
            "point": 2,
            "maxFight": 1,
            "manaUse": 10000,
            "skillId": 143,
            "dx": 200,
            "dy": 200,
            "damage": 6,
            "price": 9999,
            "coolDown": 32000,
            "powRequire": 25000000,
            "moreInfo": "Confuse"
          },
          {
            "point": 3,
            "maxFight": 1,
            "manaUse": 10000,
            "skillId": 144,
            "dx": 200,
            "dy": 200,
            "damage": 7,
            "price": 9999,
            "coolDown": 34000,
            "powRequire": 50000000,
            "moreInfo": "Confuse"
          },
          {
            "point": 4,
            "maxFight": 1,
            "manaUse": 10000,
            "skillId": 145,
            "dx": 200,
            "dy": 200,
            "damage": 8,
            "price": 9999,
            "coolDown": 36000,
            "powRequire": 125000000,
            "moreInfo": "Confuse"
          },
          {
            "point": 5,
            "maxFight": 1,
            "manaUse": 10000,
            "skillId": 146,
            "dx": 200,
            "dy": 200,
            "damage": 9,
            "price": 9999,
            "coolDown": 38000,
            "powRequire": 625000000,
            "moreInfo": "Confuse"
          },
          {
            "point": 6,
            "maxFight": 1,
            "manaUse": 10000,
            "skillId": 147,
            "dx": 200,
            "dy": 200,
            "damage": 10,
            "price": 9999,
            "coolDown": 40000,
            "powRequire": 3125000000,
            "moreInfo": "Confuse"
          },
          {
            "point": 7,
            "maxFight": 1,
            "manaUse": 10000,
            "skillId": 148,
            "dx": 200,
            "dy": 200,
            "damage": 11,
            "price": 9999,
            "coolDown": 42000,
            "powRequire": 15625000000,
            "moreInfo": "Confuse"
          }
        ]
      },
      {
        "id": 24,
        "maxPoint": 9,
        "manaUseType": 1,
        "type": 4,
        "icon": 11162,
        "name": "Super Kamekameha",
        "description": "Serangan jarak jauh",
        "damInfo": "Tambah damage: #% ",
        "skills": [
          {
            "point": 1,
            "maxFight": 1,
            "manaUse": 80,
            "skillId": 156,
            "dx": 190,
            "dy": 25,
            "damage": 550,
            "price": 9999,
            "coolDown": 170000,
            "powRequire": 60000000000,
            "moreInfo": "Chưởng 1"
          },
          {
            "point": 2,
            "maxFight": 1,
            "manaUse": 75,
            "skillId": 157,
            "dx": 200,
            "dy": 30,
            "damage": 600,
            "price": 9999,
            "coolDown": 160000,
            "powRequire": 60000000000,
            "moreInfo": "Chưởng 2"
          },
          {
            "point": 3,
            "maxFight": 1,
            "manaUse": 70,
            "skillId": 158,
            "dx": 210,
            "dy": 35,
            "damage": 650,
            "price": 9999,
            "coolDown": 150000,
            "powRequire": 60000000000,
            "moreInfo": "Chưởng 3"
          },
          {
            "point": 4,
            "maxFight": 1,
            "manaUse": 65,
            "skillId": 159,
            "dx": 230,
            "dy": 40,
            "damage": 700,
            "price": 9999,
            "coolDown": 140000,
            "powRequire": 60000000000,
            "moreInfo": "Chưởng 4"
          },
          {
            "point": 5,
            "maxFight": 1,
            "manaUse": 60,
            "skillId": 160,
            "dx": 250,
            "dy": 45,
            "damage": 750,
            "price": 9999,
            "coolDown": 130000,
            "powRequire": 60000000000,
            "moreInfo": "Chưởng 5"
          },
          {
            "point": 6,
            "maxFight": 1,
            "manaUse": 55,
            "skillId": 161,
            "dx": 270,
            "dy": 50,
            "damage": 800,
            "price": 9999,
            "coolDown": 120000,
            "powRequire": 60000000000,
            "moreInfo": "Chưởng 6"
          },
          {
            "point": 7,
            "maxFight": 1,
            "manaUse": 50,
            "skillId": 162,
            "dx": 290,
            "dy": 55,
            "damage": 850,
            "price": 9999,
            "coolDown": 110000,
            "powRequire": 60000000000,
            "moreInfo": "Chưởng 7"
          },
          {
            "point": 8,
            "maxFight": 1,
            "manaUse": 45,
            "skillId": 163,
            "dx": 310,
            "dy": 60,
            "damage": 900,
            "price": 9999,
            "coolDown": 100000,
            "powRequire": 60000000000,
            "moreInfo": "Chưởng 8"
          },
          {
            "point": 9,
            "maxFight": 1,
            "manaUse": 40,
            "skillId": 164,
            "dx": 330,
            "dy": 65,
            "damage": 950,
            "price": 9999,
            "coolDown": 90000,
            "powRequire": 60000000000,
            "moreInfo": "Chưởng 9"
          },
          {
            "point": 10,
            "maxFight": 1,
            "manaUse": 35,
            "skillId": 165,
            "dx": 350,
            "dy": 70,
            "damage": 1000,
            "price": 9999,
            "coolDown": 80000,
            "powRequire": 60000000000,
            "moreInfo": "Chưởng 10"
          }
        ]
      },
      {
        "id": 19,
        "maxPoint": 7,
        "manaUseType": 1,
        "type": 3,
        "icon": 3784,
        "name": "Energy Shield",
        "description": "Energy Shield",
        "damInfo": "Resistant all damage",
        "skills": [
          {
            "point": 1,
            "maxFight": 1,
            "manaUse": 51,
            "skillId": 121,
            "dx": 0,
            "dy": 0,
            "damage": 15,
            "price": 9999,
            "coolDown": 75000,
            "powRequire": 10000000,
            "moreInfo": "Protect Shield 1"
          },
          {
            "point": 2,
            "maxFight": 1,
            "manaUse": 48,
            "skillId": 122,
            "dx": 0,
            "dy": 0,
            "damage": 20,
            "price": 9999,
            "coolDown": 80000,
            "powRequire": 25000000,
            "moreInfo": "Protect Shield 2"
          },
          {
            "point": 3,
            "maxFight": 1,
            "manaUse": 45,
            "skillId": 123,
            "dx": 0,
            "dy": 0,
            "damage": 25,
            "price": 9999,
            "coolDown": 85000,
            "powRequire": 50000000,
            "moreInfo": "Protect Shield 3"
          },
          {
            "point": 4,
            "maxFight": 1,
            "manaUse": 42,
            "skillId": 124,
            "dx": 0,
            "dy": 0,
            "damage": 30,
            "price": 9999,
            "coolDown": 90000,
            "powRequire": 125000000,
            "moreInfo": "Protect Shield 4"
          },
          {
            "point": 5,
            "maxFight": 1,
            "manaUse": 39,
            "skillId": 125,
            "dx": 0,
            "dy": 0,
            "damage": 35,
            "price": 9999,
            "coolDown": 95000,
            "powRequire": 625000000,
            "moreInfo": "Protect Shield 5"
          },
          {
            "point": 6,
            "maxFight": 1,
            "manaUse": 36,
            "skillId": 126,
            "dx": 0,
            "dy": 0,
            "damage": 40,
            "price": 9999,
            "coolDown": 100000,
            "powRequire": 3125000000,
            "moreInfo": "Protect Shield 6"
          },
          {
            "point": 7,
            "maxFight": 1,
            "manaUse": 33,
            "skillId": 127,
            "dx": 0,
            "dy": 0,
            "damage": 45,
            "price": 9999,
            "coolDown": 105000,
            "powRequire": 15625000000,
            "moreInfo": "Protect Shield 7"
          }
        ]
      }
    ]
  },
  {
    "classId": 1,
    "name": "Ninja Kiếm",
    "skillTemplates": [
      {
        "id": 2,
        "maxPoint": 7,
        "manaUseType": 0,
        "type": 1,
        "icon": 539,
        "name": "Demon punches",
        "description": "Serangan jarak dekat",
        "damInfo": "Tambah damage: #% ",
        "skills": [
          {
            "point": 1,
            "maxFight": 1,
            "manaUse": 1,
            "skillId": 14,
            "dx": 24,
            "dy": 18,
            "damage": 95,
            "price": 0,
            "coolDown": 400,
            "powRequire": 1000,
            "moreInfo": "(Demon 1) Belajar di guru besar"
          },
          {
            "point": 2,
            "maxFight": 1,
            "manaUse": 2,
            "skillId": 15,
            "dx": 26,
            "dy": 18,
            "damage": 105,
            "price": 10,
            "coolDown": 400,
            "powRequire": 10000,
            "moreInfo": "(Demon 2) Belajar di guru besar"
          },
          {
            "point": 3,
            "maxFight": 1,
            "manaUse": 4,
            "skillId": 16,
            "dx": 28,
            "dy": 18,
            "damage": 115,
            "price": 50,
            "coolDown": 400,
            "powRequire": 22000,
            "moreInfo": "(Demon 3) Belajar di guru besar"
          },
          {
            "point": 4,
            "maxFight": 1,
            "manaUse": 8,
            "skillId": 17,
            "dx": 30,
            "dy": 18,
            "damage": 125,
            "price": 100,
            "coolDown": 400,
            "powRequire": 66000,
            "moreInfo": "(Demon 4) Belajar di guru besar"
          },
          {
            "point": 5,
            "maxFight": 1,
            "manaUse": 16,
            "skillId": 18,
            "dx": 32,
            "dy": 18,
            "damage": 135,
            "price": 1000,
            "coolDown": 400,
            "powRequire": 200000,
            "moreInfo": "(Demon 5) Belajar di guru besar"
          },
          {
            "point": 6,
            "maxFight": 1,
            "manaUse": 32,
            "skillId": 19,
            "dx": 34,
            "dy": 18,
            "damage": 145,
            "price": 2000,
            "coolDown": 400,
            "powRequire": 600000,
            "moreInfo": "(Demon 6) Belajar di guru besar"
          },
          {
            "point": 7,
            "maxFight": 1,
            "manaUse": 70,
            "skillId": 20,
            "dx": 36,
            "dy": 18,
            "damage": 155,
            "price": 4000,
            "coolDown": 400,
            "powRequire": 1800000,
            "moreInfo": "(Demon 7) Belajar di guru besar"
          }
        ]
      },
      {
        "id": 3,
        "maxPoint": 7,
        "manaUseType": 0,
        "type": 1,
        "icon": 540,
        "name": "Masenko",
        "description": "Serangan jarak jauh",
        "damInfo": "Tambah damage: #% ",
        "skills": [
          {
            "point": 1,
            "maxFight": 1,
            "manaUse": 8,
            "skillId": 21,
            "dx": 140,
            "dy": 140,
            "damage": 100,
            "price": 500,
            "coolDown": 800,
            "powRequire": 10000,
            "moreInfo": "(Masenko 1) Belajar di guru besar setelah misi mencari komik"
          },
          {
            "point": 2,
            "maxFight": 1,
            "manaUse": 16,
            "skillId": 22,
            "dx": 150,
            "dy": 150,
            "damage": 110,
            "price": 1000,
            "coolDown": 790,
            "powRequire": 20000,
            "moreInfo": "(Masenko 2) Belajar di guru besar"
          },
          {
            "point": 3,
            "maxFight": 1,
            "manaUse": 32,
            "skillId": 23,
            "dx": 160,
            "dy": 160,
            "damage": 120,
            "price": 2000,
            "coolDown": 780,
            "powRequire": 60000,
            "moreInfo": "(Masenko 3) Belajar di guru besar"
          },
          {
            "point": 4,
            "maxFight": 1,
            "manaUse": 64,
            "skillId": 24,
            "dx": 170,
            "dy": 170,
            "damage": 130,
            "price": 4000,
            "coolDown": 760,
            "powRequire": 180000,
            "moreInfo": "(Masenko 4) Belajar di guru besar"
          },
          {
            "point": 5,
            "maxFight": 1,
            "manaUse": 128,
            "skillId": 25,
            "dx": 180,
            "dy": 180,
            "damage": 140,
            "price": 8000,
            "coolDown": 740,
            "powRequire": 540000,
            "moreInfo": "(Masenko 5) Belajar di guru besar"
          },
          {
            "point": 6,
            "maxFight": 1,
            "manaUse": 256,
            "skillId": 26,
            "dx": 190,
            "dy": 190,
            "damage": 150,
            "price": 9999,
            "coolDown": 720,
            "powRequire": 1600000,
            "moreInfo": "(Masenko 6) Belajar di guru besar"
          },
          {
            "point": 7,
            "maxFight": 1,
            "manaUse": 512,
            "skillId": 27,
            "dx": 200,
            "dy": 200,
            "damage": 160,
            "price": 9999,
            "coolDown": 700,
            "powRequire": 4800000,
            "moreInfo": "(Masenko 7) Belajar di guru besar"
          }
        ]
      },
      {
        "id": 7,
        "maxPoint": 7,
        "manaUseType": 1,
        "type": 2,
        "icon": 724,
        "name": "Menyelamatkan",
        "description": "Isi HP dan MP",
        "damInfo": "Isi #% HP dan KI ",
        "skills": [
          {
            "point": 1,
            "maxFight": 1,
            "manaUse": 40,
            "skillId": 49,
            "dx": 100,
            "dy": 100,
            "damage": 50,
            "price": 500,
            "coolDown": 30000,
            "powRequire": 60000,
            "moreInfo": "Belajar pada guru besar"
          },
          {
            "point": 2,
            "maxFight": 1,
            "manaUse": 35,
            "skillId": 50,
            "dx": 105,
            "dy": 105,
            "damage": 55,
            "price": 1000,
            "coolDown": 32000,
            "powRequire": 120000,
            "moreInfo": "Belajar pada guru besar"
          },
          {
            "point": 3,
            "maxFight": 1,
            "manaUse": 30,
            "skillId": 51,
            "dx": 110,
            "dy": 110,
            "damage": 60,
            "price": 2000,
            "coolDown": 34000,
            "powRequire": 360000,
            "moreInfo": "Belajar pada guru besar"
          },
          {
            "point": 4,
            "maxFight": 1,
            "manaUse": 25,
            "skillId": 52,
            "dx": 115,
            "dy": 115,
            "damage": 65,
            "price": 4000,
            "coolDown": 38000,
            "powRequire": 1000000,
            "moreInfo": "Belajar pada guru besar"
          },
          {
            "point": 5,
            "maxFight": 1,
            "manaUse": 20,
            "skillId": 53,
            "dx": 120,
            "dy": 120,
            "damage": 70,
            "price": 8000,
            "coolDown": 40000,
            "powRequire": 3200000,
            "moreInfo": "Belajar pada guru besar"
          },
          {
            "point": 6,
            "maxFight": 1,
            "manaUse": 15,
            "skillId": 54,
            "dx": 125,
            "dy": 125,
            "damage": 75,
            "price": 9999,
            "coolDown": 42000,
            "powRequire": 10000000,
            "moreInfo": "Belajar pada guru besar"
          },
          {
            "point": 7,
            "maxFight": 1,
            "manaUse": 10,
            "skillId": 55,
            "dx": 130,
            "dy": 130,
            "damage": 80,
            "price": 9999,
            "coolDown": 44000,
            "powRequire": 30000000,
            "moreInfo": "Belajar pada guru besar"
          }
        ]
      },
      {
        "id": 11,
        "maxPoint": 7,
        "manaUseType": 2,
        "type": 1,
        "icon": 723,
        "name": "Makankosappo",
        "description": "Lazer Spirit beam",
        "damInfo": "Destroy damage: #%",
        "skills": [
          {
            "point": 1,
            "maxFight": 1,
            "manaUse": 0,
            "skillId": 77,
            "dx": 20000,
            "dy": 20000,
            "damage": 70,
            "price": 9999,
            "coolDown": 360000,
            "powRequire": 150000000,
            "moreInfo": "(Makankosappo 1)"
          },
          {
            "point": 2,
            "maxFight": 1,
            "manaUse": 0,
            "skillId": 78,
            "dx": 20000,
            "dy": 20000,
            "damage": 80,
            "price": 9999,
            "coolDown": 350000,
            "powRequire": 200000000,
            "moreInfo": "(Makankosappo 2)"
          },
          {
            "point": 3,
            "maxFight": 1,
            "manaUse": 0,
            "skillId": 79,
            "dx": 20000,
            "dy": 20000,
            "damage": 90,
            "price": 9999,
            "coolDown": 340000,
            "powRequire": 250000000,
            "moreInfo": "(Makankosappo 3)"
          },
          {
            "point": 4,
            "maxFight": 1,
            "manaUse": 0,
            "skillId": 80,
            "dx": 20000,
            "dy": 20000,
            "damage": 100,
            "price": 9999,
            "coolDown": 330000,
            "powRequire": 300000000,
            "moreInfo": "(Makankosappo 4)"
          },
          {
            "point": 5,
            "maxFight": 1,
            "manaUse": 0,
            "skillId": 81,
            "dx": 20000,
            "dy": 20000,
            "damage": 110,
            "price": 9999,
            "coolDown": 320000,
            "powRequire": 350000000,
            "moreInfo": "(Makankosappo 5)"
          },
          {
            "point": 6,
            "maxFight": 1,
            "manaUse": 0,
            "skillId": 82,
            "dx": 20000,
            "dy": 20000,
            "damage": 120,
            "price": 9999,
            "coolDown": 310000,
            "powRequire": 400000000,
            "moreInfo": "(Makankosappo 6)"
          },
          {
            "point": 7,
            "maxFight": 1,
            "manaUse": 0,
            "skillId": 83,
            "dx": 20000,
            "dy": 20000,
            "damage": 130,
            "price": 9999,
            "coolDown": 300000,
            "powRequire": 450000000,
            "moreInfo": "(Makankosappo 7)"
          }
        ]
      },
      {
        "id": 12,
        "maxPoint": 7,
        "manaUseType": 1,
        "type": 3,
        "icon": 722,
        "name": "Summon",
        "description": "Summon monster",
        "damInfo": "Summon monster untuk mengikutimu",
        "skills": [
          {
            "point": 1,
            "maxFight": 1,
            "manaUse": 20,
            "skillId": 84,
            "dx": 200,
            "dy": 200,
            "damage": 50,
            "price": 9999,
            "coolDown": 360000,
            "powRequire": 500000000,
            "moreInfo": "(Summon 1)"
          },
          {
            "point": 2,
            "maxFight": 1,
            "manaUse": 30,
            "skillId": 85,
            "dx": 200,
            "dy": 200,
            "damage": 55,
            "price": 9999,
            "coolDown": 390000,
            "powRequire": 600000000,
            "moreInfo": "(Summon 2)"
          },
          {
            "point": 3,
            "maxFight": 1,
            "manaUse": 40,
            "skillId": 86,
            "dx": 200,
            "dy": 200,
            "damage": 60,
            "price": 9999,
            "coolDown": 420000,
            "powRequire": 700000000,
            "moreInfo": "(Summon 3)"
          },
          {
            "point": 4,
            "maxFight": 1,
            "manaUse": 50,
            "skillId": 87,
            "dx": 200,
            "dy": 200,
            "damage": 65,
            "price": 9999,
            "coolDown": 450000,
            "powRequire": 800000000,
            "moreInfo": "(Summon 4)"
          },
          {
            "point": 5,
            "maxFight": 1,
            "manaUse": 60,
            "skillId": 88,
            "dx": 200,
            "dy": 200,
            "damage": 70,
            "price": 9999,
            "coolDown": 480000,
            "powRequire": 900000000,
            "moreInfo": "(Summon 5)"
          },
          {
            "point": 6,
            "maxFight": 1,
            "manaUse": 70,
            "skillId": 89,
            "dx": 200,
            "dy": 200,
            "damage": 75,
            "price": 9999,
            "coolDown": 510000,
            "powRequire": 1000000000,
            "moreInfo": "(Summon 6)"
          },
          {
            "point": 7,
            "maxFight": 1,
            "manaUse": 80,
            "skillId": 90,
            "dx": 200,
            "dy": 200,
            "damage": 80,
            "price": 9999,
            "coolDown": 540000,
            "powRequire": 1100000000,
            "moreInfo": "(Summon 7)"
          }
        ]
      },
      {
        "id": 17,
        "maxPoint": 7,
        "manaUseType": 0,
        "type": 1,
        "icon": 3778,
        "name": "New Combo",
        "description": "New Combo",
        "damInfo": "Tambah damage: #% ",
        "skills": [
          {
            "point": 1,
            "maxFight": 1,
            "manaUse": 100,
            "skillId": 107,
            "dx": 30,
            "dy": 30,
            "damage": 160,
            "price": 9999,
            "coolDown": 350,
            "powRequire": 10000000,
            "moreInfo": "(Combo 1)"
          },
          {
            "point": 2,
            "maxFight": 1,
            "manaUse": 200,
            "skillId": 108,
            "dx": 35,
            "dy": 35,
            "damage": 165,
            "price": 9999,
            "coolDown": 345,
            "powRequire": 25000000,
            "moreInfo": "(Combo 2)"
          },
          {
            "point": 3,
            "maxFight": 1,
            "manaUse": 300,
            "skillId": 109,
            "dx": 40,
            "dy": 40,
            "damage": 170,
            "price": 9999,
            "coolDown": 340,
            "powRequire": 50000000,
            "moreInfo": "(Combo 3)"
          },
          {
            "point": 4,
            "maxFight": 1,
            "manaUse": 400,
            "skillId": 110,
            "dx": 45,
            "dy": 45,
            "damage": 175,
            "price": 9999,
            "coolDown": 335,
            "powRequire": 125000000,
            "moreInfo": "(Combo 4)"
          },
          {
            "point": 5,
            "maxFight": 1,
            "manaUse": 500,
            "skillId": 111,
            "dx": 50,
            "dy": 50,
            "damage": 180,
            "price": 9999,
            "coolDown": 330,
            "powRequire": 625000000,
            "moreInfo": "(Combo 5)"
          },
          {
            "point": 6,
            "maxFight": 1,
            "manaUse": 600,
            "skillId": 112,
            "dx": 55,
            "dy": 55,
            "damage": 185,
            "price": 9999,
            "coolDown": 335,
            "powRequire": 3125000000,
            "moreInfo": "(Combo 6)"
          },
          {
            "point": 7,
            "maxFight": 1,
            "manaUse": 700,
            "skillId": 113,
            "dx": 60,
            "dy": 60,
            "damage": 190,
            "price": 9999,
            "coolDown": 330,
            "powRequire": 15625000000,
            "moreInfo": "(Combo 7)"
          }
        ]
      },
      {
        "id": 18,
        "maxPoint": 7,
        "manaUseType": 1,
        "type": 1,
        "icon": 3780,
        "name": "Tranform Chocolate",
        "description": "Tranform Chocolate",
        "damInfo": "Tranfrom monster to Chocolate",
        "skills": [
          {
            "point": 1,
            "maxFight": 1,
            "manaUse": 22,
            "skillId": 114,
            "dx": 500,
            "dy": 500,
            "damage": 15,
            "price": 9999,
            "coolDown": 30000,
            "powRequire": 10000000,
            "moreInfo": "Tranform Chocolate 1"
          },
          {
            "point": 2,
            "maxFight": 1,
            "manaUse": 20,
            "skillId": 115,
            "dx": 500,
            "dy": 500,
            "damage": 17,
            "price": 9999,
            "coolDown": 29000,
            "powRequire": 25000000,
            "moreInfo": "Tranform Chocolate 2"
          },
          {
            "point": 3,
            "maxFight": 1,
            "manaUse": 18,
            "skillId": 116,
            "dx": 500,
            "dy": 500,
            "damage": 19,
            "price": 9999,
            "coolDown": 28000,
            "powRequire": 50000000,
            "moreInfo": "Tranform Chocolate 3"
          },
          {
            "point": 4,
            "maxFight": 1,
            "manaUse": 16,
            "skillId": 117,
            "dx": 500,
            "dy": 500,
            "damage": 21,
            "price": 9999,
            "coolDown": 27000,
            "powRequire": 125000000,
            "moreInfo": "Tranform Chocolate 4"
          },
          {
            "point": 5,
            "maxFight": 1,
            "manaUse": 14,
            "skillId": 118,
            "dx": 500,
            "dy": 500,
            "damage": 23,
            "price": 9999,
            "coolDown": 26000,
            "powRequire": 625000000,
            "moreInfo": "Tranform Chocolate 5"
          },
          {
            "point": 6,
            "maxFight": 1,
            "manaUse": 12,
            "skillId": 119,
            "dx": 500,
            "dy": 500,
            "damage": 25,
            "price": 9999,
            "coolDown": 25000,
            "powRequire": 3125000000,
            "moreInfo": "Tranform Chocolate 6"
          },
          {
            "point": 7,
            "maxFight": 1,
            "manaUse": 10,
            "skillId": 120,
            "dx": 500,
            "dy": 500,
            "damage": 27,
            "price": 9999,
            "coolDown": 24000,
            "powRequire": 15625000000,
            "moreInfo": "Tranform Chocolate 7"
          }
        ]
      },
      {
        "id": 26,
        "maxPoint": 9,
        "manaUseType": 1,
        "type": 4,
        "icon": 11194,
        "name": "Mafuba",
        "description": "Segel lawan ke dalam wadah",
        "damInfo": "Memberikan true damage per detik setara dengan #% dari max HP Anda",
        "skills": [
          {
            "point": 1,
            "maxFight": 1,
            "manaUse": 80,
            "skillId": 176,
            "dx": 120,
            "dy": 120,
            "damage": 1,
            "price": 9999,
            "coolDown": 170000,
            "powRequire": 60000000000,
            "moreInfo": "Chưởng 1"
          },
          {
            "point": 2,
            "maxFight": 1,
            "manaUse": 75,
            "skillId": 177,
            "dx": 130,
            "dy": 130,
            "damage": 2,
            "price": 9999,
            "coolDown": 160000,
            "powRequire": 60000000000,
            "moreInfo": "Chưởng 2"
          },
          {
            "point": 3,
            "maxFight": 1,
            "manaUse": 70,
            "skillId": 178,
            "dx": 140,
            "dy": 140,
            "damage": 3,
            "price": 9999,
            "coolDown": 150000,
            "powRequire": 60000000000,
            "moreInfo": "Chưởng 3"
          },
          {
            "point": 4,
            "maxFight": 1,
            "manaUse": 65,
            "skillId": 179,
            "dx": 150,
            "dy": 150,
            "damage": 4,
            "price": 9999,
            "coolDown": 140000,
            "powRequire": 60000000000,
            "moreInfo": "Chưởng 4"
          },
          {
            "point": 5,
            "maxFight": 1,
            "manaUse": 60,
            "skillId": 180,
            "dx": 160,
            "dy": 160,
            "damage": 5,
            "price": 9999,
            "coolDown": 130000,
            "powRequire": 60000000000,
            "moreInfo": "Chưởng 5"
          },
          {
            "point": 6,
            "maxFight": 1,
            "manaUse": 55,
            "skillId": 181,
            "dx": 170,
            "dy": 170,
            "damage": 6,
            "price": 9999,
            "coolDown": 120000,
            "powRequire": 60000000000,
            "moreInfo": "Chưởng 6"
          },
          {
            "point": 7,
            "maxFight": 1,
            "manaUse": 50,
            "skillId": 182,
            "dx": 180,
            "dy": 180,
            "damage": 7,
            "price": 9999,
            "coolDown": 110000,
            "powRequire": 60000000000,
            "moreInfo": "Chưởng 7"
          },
          {
            "point": 8,
            "maxFight": 1,
            "manaUse": 45,
            "skillId": 183,
            "dx": 190,
            "dy": 190,
            "damage": 8,
            "price": 9999,
            "coolDown": 100000,
            "powRequire": 60000000000,
            "moreInfo": "Chưởng 8"
          },
          {
            "point": 9,
            "maxFight": 1,
            "manaUse": 40,
            "skillId": 184,
            "dx": 200,
            "dy": 200,
            "damage": 9,
            "price": 9999,
            "coolDown": 90000,
            "powRequire": 60000000000,
            "moreInfo": "Chưởng 9"
          },
          {
            "point": 10,
            "maxFight": 1,
            "manaUse": 35,
            "skillId": 185,
            "dx": 210,
            "dy": 210,
            "damage": 10,
            "price": 9999,
            "coolDown": 80000,
            "powRequire": 60000000000,
            "moreInfo": "Chưởng 10"
          }
        ]
      },
      {
        "id": 19,
        "maxPoint": 7,
        "manaUseType": 1,
        "type": 3,
        "icon": 3784,
        "name": "Energy Shield",
        "description": "Energy Shield",
        "damInfo": "Resistant all damage",
        "skills": [
          {
            "point": 1,
            "maxFight": 1,
            "manaUse": 51,
            "skillId": 121,
            "dx": 0,
            "dy": 0,
            "damage": 15,
            "price": 9999,
            "coolDown": 75000,
            "powRequire": 10000000,
            "moreInfo": "Protect Shield 1"
          },
          {
            "point": 2,
            "maxFight": 1,
            "manaUse": 48,
            "skillId": 122,
            "dx": 0,
            "dy": 0,
            "damage": 20,
            "price": 9999,
            "coolDown": 80000,
            "powRequire": 25000000,
            "moreInfo": "Protect Shield 2"
          },
          {
            "point": 3,
            "maxFight": 1,
            "manaUse": 45,
            "skillId": 123,
            "dx": 0,
            "dy": 0,
            "damage": 25,
            "price": 9999,
            "coolDown": 85000,
            "powRequire": 50000000,
            "moreInfo": "Protect Shield 3"
          },
          {
            "point": 4,
            "maxFight": 1,
            "manaUse": 42,
            "skillId": 124,
            "dx": 0,
            "dy": 0,
            "damage": 30,
            "price": 9999,
            "coolDown": 90000,
            "powRequire": 125000000,
            "moreInfo": "Protect Shield 4"
          },
          {
            "point": 5,
            "maxFight": 1,
            "manaUse": 39,
            "skillId": 125,
            "dx": 0,
            "dy": 0,
            "damage": 35,
            "price": 9999,
            "coolDown": 95000,
            "powRequire": 625000000,
            "moreInfo": "Protect Shield 5"
          },
          {
            "point": 6,
            "maxFight": 1,
            "manaUse": 36,
            "skillId": 126,
            "dx": 0,
            "dy": 0,
            "damage": 40,
            "price": 9999,
            "coolDown": 100000,
            "powRequire": 3125000000,
            "moreInfo": "Protect Shield 6"
          },
          {
            "point": 7,
            "maxFight": 1,
            "manaUse": 33,
            "skillId": 127,
            "dx": 0,
            "dy": 0,
            "damage": 45,
            "price": 9999,
            "coolDown": 105000,
            "powRequire": 15625000000,
            "moreInfo": "Protect Shield 7"
          }
        ]
      }
    ]
  },
  {
    "classId": 2,
    "name": "Ninja Phi Tiêu",
    "skillTemplates": [
      {
        "id": 4,
        "maxPoint": 7,
        "manaUseType": 0,
        "type": 1,
        "icon": 539,
        "name": "Galick punches",
        "description": "Serangan jarak dekat",
        "damInfo": "Tambah damage: #% ",
        "skills": [
          {
            "point": 1,
            "maxFight": 1,
            "manaUse": 1,
            "skillId": 28,
            "dx": 36,
            "dy": 18,
            "damage": 110,
            "price": 0,
            "coolDown": 500,
            "powRequire": 1000,
            "moreInfo": "(Galick Punches 1) Belajar pada kakek setelah misi mengalahkan boars"
          },
          {
            "point": 2,
            "maxFight": 1,
            "manaUse": 2,
            "skillId": 29,
            "dx": 37,
            "dy": 18,
            "damage": 120,
            "price": 10,
            "coolDown": 500,
            "powRequire": 10000,
            "moreInfo": "(Galick Punches 2) Belajar pada kakek"
          },
          {
            "point": 3,
            "maxFight": 1,
            "manaUse": 4,
            "skillId": 30,
            "dx": 38,
            "dy": 18,
            "damage": 130,
            "price": 50,
            "coolDown": 500,
            "powRequire": 22000,
            "moreInfo": "(Galick Punches 3) Belajar pada kakek"
          },
          {
            "point": 4,
            "maxFight": 1,
            "manaUse": 8,
            "skillId": 31,
            "dx": 39,
            "dy": 18,
            "damage": 140,
            "price": 100,
            "coolDown": 500,
            "powRequire": 66000,
            "moreInfo": "(Galick Punches 4) Belajar pada kakek"
          },
          {
            "point": 5,
            "maxFight": 1,
            "manaUse": 16,
            "skillId": 32,
            "dx": 40,
            "dy": 18,
            "damage": 150,
            "price": 1000,
            "coolDown": 500,
            "powRequire": 200000,
            "moreInfo": "(Galick Punches 5) Belajar pada kakek"
          },
          {
            "point": 6,
            "maxFight": 1,
            "manaUse": 32,
            "skillId": 33,
            "dx": 41,
            "dy": 18,
            "damage": 160,
            "price": 2000,
            "coolDown": 500,
            "powRequire": 600000,
            "moreInfo": "(Galick Punches 6) Belajar pada kakek"
          },
          {
            "point": 7,
            "maxFight": 1,
            "manaUse": 70,
            "skillId": 34,
            "dx": 42,
            "dy": 18,
            "damage": 170,
            "price": 4000,
            "coolDown": 500,
            "powRequire": 1800000,
            "moreInfo": "(Galick Punches 7) Belajar pada kakek"
          }
        ]
      },
      {
        "id": 5,
        "maxPoint": 7,
        "manaUseType": 0,
        "type": 1,
        "icon": 540,
        "name": "Antomic",
        "description": "Serangan jarak jauh",
        "damInfo": "Tambah damage: #% ",
        "skills": [
          {
            "point": 1,
            "maxFight": 1,
            "manaUse": 18,
            "skillId": 35,
            "dx": 150,
            "dy": 150,
            "damage": 110,
            "price": 500,
            "coolDown": 1000,
            "powRequire": 10000,
            "moreInfo": "(Antomic 1) Belajar pada kakek setelah misi mencari komik"
          },
          {
            "point": 2,
            "maxFight": 1,
            "manaUse": 34,
            "skillId": 36,
            "dx": 160,
            "dy": 160,
            "damage": 140,
            "price": 1000,
            "coolDown": 1200,
            "powRequire": 20000,
            "moreInfo": "(Antomic 2) Belajar pada kakek"
          },
          {
            "point": 3,
            "maxFight": 1,
            "manaUse": 68,
            "skillId": 37,
            "dx": 170,
            "dy": 170,
            "damage": 170,
            "price": 2000,
            "coolDown": 1400,
            "powRequire": 60000,
            "moreInfo": "(Antomic 3) Belajar pada kakek"
          },
          {
            "point": 4,
            "maxFight": 1,
            "manaUse": 136,
            "skillId": 38,
            "dx": 180,
            "dy": 180,
            "damage": 200,
            "price": 4000,
            "coolDown": 1600,
            "powRequire": 180000,
            "moreInfo": "(Antomic 4) Belajar pada kakek"
          },
          {
            "point": 5,
            "maxFight": 1,
            "manaUse": 258,
            "skillId": 39,
            "dx": 190,
            "dy": 190,
            "damage": 230,
            "price": 8000,
            "coolDown": 1800,
            "powRequire": 540000,
            "moreInfo": "(Antomic 5) Belajar pada kakek"
          },
          {
            "point": 6,
            "maxFight": 1,
            "manaUse": 514,
            "skillId": 40,
            "dx": 200,
            "dy": 200,
            "damage": 260,
            "price": 9999,
            "coolDown": 2000,
            "powRequire": 1600000,
            "moreInfo": "(Antomic 6) Belajar pada kakek"
          },
          {
            "point": 7,
            "maxFight": 1,
            "manaUse": 1026,
            "skillId": 41,
            "dx": 210,
            "dy": 210,
            "damage": 290,
            "price": 9999,
            "coolDown": 2200,
            "powRequire": 4800000,
            "moreInfo": "(Antomic 7) Belajar pada kakek"
          }
        ]
      },
      {
        "id": 8,
        "maxPoint": 7,
        "manaUseType": 1,
        "type": 3,
        "icon": 720,
        "name": "Isi tenaga",
        "description": "Isi HP dan MP",
        "damInfo": "Restore HP andMP #%/s ",
        "skills": [
          {
            "point": 1,
            "maxFight": 1,
            "manaUse": 0,
            "skillId": 56,
            "dx": 0,
            "dy": 0,
            "damage": 4,
            "price": 500,
            "coolDown": 55000,
            "powRequire": 60000,
            "moreInfo": "Belajar pada guru besar"
          },
          {
            "point": 2,
            "maxFight": 1,
            "manaUse": 0,
            "skillId": 57,
            "dx": 0,
            "dy": 0,
            "damage": 5,
            "price": 1000,
            "coolDown": 50000,
            "powRequire": 120000,
            "moreInfo": "Belajar pada guru besar"
          },
          {
            "point": 3,
            "maxFight": 1,
            "manaUse": 0,
            "skillId": 58,
            "dx": 0,
            "dy": 0,
            "damage": 6,
            "price": 2000,
            "coolDown": 45000,
            "powRequire": 360000,
            "moreInfo": "Belajar pada guru besar"
          },
          {
            "point": 4,
            "maxFight": 1,
            "manaUse": 0,
            "skillId": 59,
            "dx": 0,
            "dy": 0,
            "damage": 7,
            "price": 4000,
            "coolDown": 40000,
            "powRequire": 1000000,
            "moreInfo": "Belajar pada guru besar"
          },
          {
            "point": 5,
            "maxFight": 1,
            "manaUse": 0,
            "skillId": 60,
            "dx": 0,
            "dy": 0,
            "damage": 8,
            "price": 8000,
            "coolDown": 35000,
            "powRequire": 3200000,
            "moreInfo": "Belajar pada guru besar"
          },
          {
            "point": 6,
            "maxFight": 1,
            "manaUse": 0,
            "skillId": 61,
            "dx": 0,
            "dy": 0,
            "damage": 9,
            "price": 9999,
            "coolDown": 30000,
            "powRequire": 10000000,
            "moreInfo": "Belajar pada guru besar"
          },
          {
            "point": 7,
            "maxFight": 1,
            "manaUse": 0,
            "skillId": 62,
            "dx": 0,
            "dy": 0,
            "damage": 10,
            "price": 9999,
            "coolDown": 25000,
            "powRequire": 30000000,
            "moreInfo": "Belajar pada guru besar"
          }
        ]
      },
      {
        "id": 13,
        "maxPoint": 7,
        "manaUseType": 1,
        "type": 3,
        "icon": 718,
        "name": "Super Monkey",
        "description": "Berubah menjadi Super Monkey",
        "damInfo": "Meningkatkan serangan ke musuh, HP dan speed",
        "skills": [
          {
            "point": 1,
            "maxFight": 1,
            "manaUse": 10,
            "skillId": 91,
            "dx": 200,
            "dy": 200,
            "damage": 100,
            "price": 9999,
            "coolDown": 300000,
            "powRequire": 250000000,
            "moreInfo": " (Monkey 1) "
          },
          {
            "point": 2,
            "maxFight": 1,
            "manaUse": 10,
            "skillId": 92,
            "dx": 200,
            "dy": 200,
            "damage": 100,
            "price": 9999,
            "coolDown": 310000,
            "powRequire": 350000000,
            "moreInfo": " (Monkey 2) "
          },
          {
            "point": 3,
            "maxFight": 1,
            "manaUse": 10,
            "skillId": 93,
            "dx": 200,
            "dy": 200,
            "damage": 100,
            "price": 9999,
            "coolDown": 320000,
            "powRequire": 450000000,
            "moreInfo": " (Monkey 3) "
          },
          {
            "point": 4,
            "maxFight": 1,
            "manaUse": 10,
            "skillId": 94,
            "dx": 200,
            "dy": 200,
            "damage": 100,
            "price": 9999,
            "coolDown": 330000,
            "powRequire": 550000000,
            "moreInfo": " (Monkey 4) "
          },
          {
            "point": 5,
            "maxFight": 1,
            "manaUse": 10,
            "skillId": 95,
            "dx": 200,
            "dy": 200,
            "damage": 100,
            "price": 9999,
            "coolDown": 340000,
            "powRequire": 650000000,
            "moreInfo": " (Monkey 5) "
          },
          {
            "point": 6,
            "maxFight": 1,
            "manaUse": 10,
            "skillId": 96,
            "dx": 200,
            "dy": 200,
            "damage": 100,
            "price": 9999,
            "coolDown": 350000,
            "powRequire": 750000000,
            "moreInfo": " (Monkey 6) "
          },
          {
            "point": 7,
            "maxFight": 1,
            "manaUse": 10,
            "skillId": 97,
            "dx": 200,
            "dy": 200,
            "damage": 100,
            "price": 9999,
            "coolDown": 360000,
            "powRequire": 850000000,
            "moreInfo": " (Monkey 7) "
          }
        ]
      },
      {
        "id": 14,
        "maxPoint": 7,
        "manaUseType": 1,
        "type": 3,
        "icon": 2248,
        "name": "Suicide bomb",
        "description": "Suicide bomb ",
        "damInfo": "Sacrifice, damage sangat besar ke musuh",
        "skills": [
          {
            "point": 1,
            "maxFight": 1,
            "manaUse": 50,
            "skillId": 98,
            "dx": 200,
            "dy": 200,
            "damage": 100,
            "price": 9999,
            "coolDown": 120000,
            "powRequire": 250000000,
            "moreInfo": "(Suicide 1) "
          },
          {
            "point": 2,
            "maxFight": 1,
            "manaUse": 50,
            "skillId": 99,
            "dx": 300,
            "dy": 300,
            "damage": 105,
            "price": 9999,
            "coolDown": 120000,
            "powRequire": 300000000,
            "moreInfo": "(Suicide 2) "
          },
          {
            "point": 3,
            "maxFight": 1,
            "manaUse": 50,
            "skillId": 100,
            "dx": 400,
            "dy": 400,
            "damage": 110,
            "price": 9999,
            "coolDown": 120000,
            "powRequire": 350000000,
            "moreInfo": "(Suicide 3) "
          },
          {
            "point": 4,
            "maxFight": 1,
            "manaUse": 50,
            "skillId": 101,
            "dx": 500,
            "dy": 500,
            "damage": 115,
            "price": 9999,
            "coolDown": 120000,
            "powRequire": 400000000,
            "moreInfo": "(Suicide 4) "
          },
          {
            "point": 5,
            "maxFight": 1,
            "manaUse": 50,
            "skillId": 102,
            "dx": 600,
            "dy": 600,
            "damage": 120,
            "price": 9999,
            "coolDown": 120000,
            "powRequire": 450000000,
            "moreInfo": "(Suicide 5) "
          },
          {
            "point": 6,
            "maxFight": 1,
            "manaUse": 50,
            "skillId": 103,
            "dx": 700,
            "dy": 700,
            "damage": 125,
            "price": 9999,
            "coolDown": 120000,
            "powRequire": 500000000,
            "moreInfo": "(Suicide 6) "
          },
          {
            "point": 7,
            "maxFight": 1,
            "manaUse": 50,
            "skillId": 104,
            "dx": 900,
            "dy": 900,
            "damage": 130,
            "price": 9999,
            "coolDown": 120000,
            "powRequire": 550000000,
            "moreInfo": "(Suicide 7) "
          }
        ]
      },
      {
        "id": 21,
        "maxPoint": 7,
        "manaUseType": 0,
        "type": 3,
        "icon": 3781,
        "name": "Whistle",
        "description": "Whistle",
        "damInfo": "Temporary +#%HP people arround and +1 critical attack",
        "skills": [
          {
            "point": 1,
            "maxFight": 1,
            "manaUse": 50,
            "skillId": 135,
            "dx": 500,
            "dy": 500,
            "damage": 40,
            "price": 9999,
            "coolDown": 210000,
            "powRequire": 10000000,
            "moreInfo": "Whisle"
          },
          {
            "point": 2,
            "maxFight": 1,
            "manaUse": 45,
            "skillId": 136,
            "dx": 500,
            "dy": 500,
            "damage": 50,
            "price": 9999,
            "coolDown": 205000,
            "powRequire": 25000000,
            "moreInfo": "Whisle"
          },
          {
            "point": 3,
            "maxFight": 1,
            "manaUse": 40,
            "skillId": 137,
            "dx": 500,
            "dy": 500,
            "damage": 60,
            "price": 9999,
            "coolDown": 200000,
            "powRequire": 50000000,
            "moreInfo": "Whisle"
          },
          {
            "point": 4,
            "maxFight": 1,
            "manaUse": 35,
            "skillId": 138,
            "dx": 500,
            "dy": 500,
            "damage": 70,
            "price": 9999,
            "coolDown": 195000,
            "powRequire": 125000000,
            "moreInfo": "Whisle"
          },
          {
            "point": 5,
            "maxFight": 1,
            "manaUse": 30,
            "skillId": 139,
            "dx": 500,
            "dy": 500,
            "damage": 80,
            "price": 9999,
            "coolDown": 190000,
            "powRequire": 625000000,
            "moreInfo": "Whisle"
          },
          {
            "point": 6,
            "maxFight": 1,
            "manaUse": 25,
            "skillId": 140,
            "dx": 500,
            "dy": 500,
            "damage": 90,
            "price": 9999,
            "coolDown": 185000,
            "powRequire": 3125000000,
            "moreInfo": "Whisle"
          },
          {
            "point": 7,
            "maxFight": 1,
            "manaUse": 20,
            "skillId": 141,
            "dx": 500,
            "dy": 500,
            "damage": 100,
            "price": 9999,
            "coolDown": 180000,
            "powRequire": 15625000000,
            "moreInfo": "Whisle"
          }
        ]
      },
      {
        "id": 23,
        "maxPoint": 7,
        "manaUseType": 0,
        "type": 1,
        "icon": 3779,
        "name": "Tie",
        "description": "Tie",
        "damInfo": "Tie enemy",
        "skills": [
          {
            "point": 1,
            "maxFight": 1,
            "manaUse": 5000,
            "skillId": 149,
            "dx": 150,
            "dy": 150,
            "damage": 5,
            "price": 9999,
            "coolDown": 15000,
            "powRequire": 10000000,
            "moreInfo": "Tie"
          },
          {
            "point": 2,
            "maxFight": 1,
            "manaUse": 10000,
            "skillId": 150,
            "dx": 150,
            "dy": 150,
            "damage": 10,
            "price": 9999,
            "coolDown": 20000,
            "powRequire": 25000000,
            "moreInfo": "Tie"
          },
          {
            "point": 3,
            "maxFight": 1,
            "manaUse": 15000,
            "skillId": 151,
            "dx": 150,
            "dy": 150,
            "damage": 15,
            "price": 9999,
            "coolDown": 25000,
            "powRequire": 50000000,
            "moreInfo": "Tie"
          },
          {
            "point": 4,
            "maxFight": 1,
            "manaUse": 20000,
            "skillId": 152,
            "dx": 150,
            "dy": 150,
            "damage": 20,
            "price": 9999,
            "coolDown": 30000,
            "powRequire": 125000000,
            "moreInfo": "Tie"
          },
          {
            "point": 5,
            "maxFight": 1,
            "manaUse": 25000,
            "skillId": 153,
            "dx": 150,
            "dy": 150,
            "damage": 25,
            "price": 9999,
            "coolDown": 35000,
            "powRequire": 625000000,
            "moreInfo": "Tie"
          },
          {
            "point": 6,
            "maxFight": 1,
            "manaUse": 30000,
            "skillId": 154,
            "dx": 150,
            "dy": 150,
            "damage": 30,
            "price": 9999,
            "coolDown": 40000,
            "powRequire": 3125000000,
            "moreInfo": "Tie"
          },
          {
            "point": 7,
            "maxFight": 1,
            "manaUse": 32000,
            "skillId": 155,
            "dx": 150,
            "dy": 150,
            "damage": 35,
            "price": 9999,
            "coolDown": 45000,
            "powRequire": 15625000000,
            "moreInfo": "Tie"
          }
        ]
      },
      {
        "id": 25,
        "maxPoint": 9,
        "manaUseType": 1,
        "type": 4,
        "icon": 11193,
        "name": "Renzoku Energy Dan",
        "description": "Serangan jarak jauh",
        "damInfo": "Tambah damage: #% ",
        "skills": [
          {
            "point": 1,
            "maxFight": 1,
            "manaUse": 80,
            "skillId": 166,
            "dx": 83,
            "dy": 83,
            "damage": 550,
            "price": 9999,
            "coolDown": 170000,
            "powRequire": 60000000000,
            "moreInfo": "Chưởng 1"
          },
          {
            "point": 2,
            "maxFight": 1,
            "manaUse": 75,
            "skillId": 167,
            "dx": 95,
            "dy": 95,
            "damage": 600,
            "price": 9999,
            "coolDown": 160000,
            "powRequire": 60000000000,
            "moreInfo": "Chưởng 2"
          },
          {
            "point": 3,
            "maxFight": 1,
            "manaUse": 70,
            "skillId": 168,
            "dx": 107,
            "dy": 107,
            "damage": 650,
            "price": 9999,
            "coolDown": 150000,
            "powRequire": 60000000000,
            "moreInfo": "Chưởng 3"
          },
          {
            "point": 4,
            "maxFight": 1,
            "manaUse": 65,
            "skillId": 169,
            "dx": 119,
            "dy": 119,
            "damage": 700,
            "price": 9999,
            "coolDown": 140000,
            "powRequire": 60000000000,
            "moreInfo": "Chưởng 4"
          },
          {
            "point": 5,
            "maxFight": 1,
            "manaUse": 60,
            "skillId": 170,
            "dx": 130,
            "dy": 130,
            "damage": 750,
            "price": 9999,
            "coolDown": 130000,
            "powRequire": 60000000000,
            "moreInfo": "Chưởng 5"
          },
          {
            "point": 6,
            "maxFight": 1,
            "manaUse": 55,
            "skillId": 171,
            "dx": 142,
            "dy": 142,
            "damage": 800,
            "price": 9999,
            "coolDown": 120000,
            "powRequire": 60000000000,
            "moreInfo": "Chưởng 6"
          },
          {
            "point": 7,
            "maxFight": 1,
            "manaUse": 50,
            "skillId": 172,
            "dx": 154,
            "dy": 154,
            "damage": 850,
            "price": 9999,
            "coolDown": 110000,
            "powRequire": 60000000000,
            "moreInfo": "Chưởng 7"
          },
          {
            "point": 8,
            "maxFight": 1,
            "manaUse": 45,
            "skillId": 173,
            "dx": 165,
            "dy": 165,
            "damage": 900,
            "price": 9999,
            "coolDown": 100000,
            "powRequire": 60000000000,
            "moreInfo": "Chưởng 8"
          },
          {
            "point": 9,
            "maxFight": 1,
            "manaUse": 40,
            "skillId": 174,
            "dx": 177,
            "dy": 177,
            "damage": 950,
            "price": 9999,
            "coolDown": 90000,
            "powRequire": 60000000000,
            "moreInfo": "Chưởng 9"
          },
          {
            "point": 10,
            "maxFight": 1,
            "manaUse": 35,
            "skillId": 175,
            "dx": 188,
            "dy": 188,
            "damage": 1000,
            "price": 9999,
            "coolDown": 80000,
            "powRequire": 60000000000,
            "moreInfo": "Chưởng 10"
          }
        ]
      },
      {
        "id": 19,
        "maxPoint": 7,
        "manaUseType": 1,
        "type": 3,
        "icon": 3784,
        "name": "Energy Shield",
        "description": "Energy Shield",
        "damInfo": "Resistant all damage",
        "skills": [
          {
            "point": 1,
            "maxFight": 1,
            "manaUse": 51,
            "skillId": 121,
            "dx": 0,
            "dy": 0,
            "damage": 15,
            "price": 9999,
            "coolDown": 75000,
            "powRequire": 10000000,
            "moreInfo": "Protect Shield 1"
          },
          {
            "point": 2,
            "maxFight": 1,
            "manaUse": 48,
            "skillId": 122,
            "dx": 0,
            "dy": 0,
            "damage": 20,
            "price": 9999,
            "coolDown": 80000,
            "powRequire": 25000000,
            "moreInfo": "Protect Shield 2"
          },
          {
            "point": 3,
            "maxFight": 1,
            "manaUse": 45,
            "skillId": 123,
            "dx": 0,
            "dy": 0,
            "damage": 25,
            "price": 9999,
            "coolDown": 85000,
            "powRequire": 50000000,
            "moreInfo": "Protect Shield 3"
          },
          {
            "point": 4,
            "maxFight": 1,
            "manaUse": 42,
            "skillId": 124,
            "dx": 0,
            "dy": 0,
            "damage": 30,
            "price": 9999,
            "coolDown": 90000,
            "powRequire": 125000000,
            "moreInfo": "Protect Shield 4"
          },
          {
            "point": 5,
            "maxFight": 1,
            "manaUse": 39,
            "skillId": 125,
            "dx": 0,
            "dy": 0,
            "damage": 35,
            "price": 9999,
            "coolDown": 95000,
            "powRequire": 625000000,
            "moreInfo": "Protect Shield 5"
          },
          {
            "point": 6,
            "maxFight": 1,
            "manaUse": 36,
            "skillId": 126,
            "dx": 0,
            "dy": 0,
            "damage": 40,
            "price": 9999,
            "coolDown": 100000,
            "powRequire": 3125000000,
            "moreInfo": "Protect Shield 6"
          },
          {
            "point": 7,
            "maxFight": 1,
            "manaUse": 33,
            "skillId": 127,
            "dx": 0,
            "dy": 0,
            "damage": 45,
            "price": 9999,
            "coolDown": 105000,
            "powRequire": 15625000000,
            "moreInfo": "Protect Shield 7"
          }
        ]
      }
    ]
  },
  {
    "classId": 3,
    "name": "Ninja Kunai",
    "skillTemplates": [
      {
        "id": 19,
        "maxPoint": 7,
        "manaUseType": 1,
        "type": 3,
        "icon": 3784,
        "name": "Energy Shield",
        "description": "Energy Shield",
        "damInfo": "Resistant all damage",
        "skills": [
          {
            "point": 1,
            "maxFight": 1,
            "manaUse": 51,
            "skillId": 121,
            "dx": 0,
            "dy": 0,
            "damage": 15,
            "price": 9999,
            "coolDown": 75000,
            "powRequire": 10000000,
            "moreInfo": "Protect Shield 1"
          },
          {
            "point": 2,
            "maxFight": 1,
            "manaUse": 48,
            "skillId": 122,
            "dx": 0,
            "dy": 0,
            "damage": 20,
            "price": 9999,
            "coolDown": 80000,
            "powRequire": 25000000,
            "moreInfo": "Protect Shield 2"
          },
          {
            "point": 3,
            "maxFight": 1,
            "manaUse": 45,
            "skillId": 123,
            "dx": 0,
            "dy": 0,
            "damage": 25,
            "price": 9999,
            "coolDown": 85000,
            "powRequire": 50000000,
            "moreInfo": "Protect Shield 3"
          },
          {
            "point": 4,
            "maxFight": 1,
            "manaUse": 42,
            "skillId": 124,
            "dx": 0,
            "dy": 0,
            "damage": 30,
            "price": 9999,
            "coolDown": 90000,
            "powRequire": 125000000,
            "moreInfo": "Protect Shield 4"
          },
          {
            "point": 5,
            "maxFight": 1,
            "manaUse": 39,
            "skillId": 125,
            "dx": 0,
            "dy": 0,
            "damage": 35,
            "price": 9999,
            "coolDown": 95000,
            "powRequire": 625000000,
            "moreInfo": "Protect Shield 5"
          },
          {
            "point": 6,
            "maxFight": 1,
            "manaUse": 36,
            "skillId": 126,
            "dx": 0,
            "dy": 0,
            "damage": 40,
            "price": 9999,
            "coolDown": 100000,
            "powRequire": 3125000000,
            "moreInfo": "Protect Shield 6"
          },
          {
            "point": 7,
            "maxFight": 1,
            "manaUse": 33,
            "skillId": 127,
            "dx": 0,
            "dy": 0,
            "damage": 45,
            "price": 9999,
            "coolDown": 105000,
            "powRequire": 15625000000,
            "moreInfo": "Protect Shield 7"
          }
        ]
      }
    ]
  },
  {
    "classId": 4,
    "name": "Ninja Cung",
    "skillTemplates": [
      {
        "id": 15,
        "maxPoint": 7,
        "manaUseType": 0,
        "type": 0,
        "icon": 0,
        "name": "Punches",
        "description": "Punches",
        "damInfo": "Punches",
        "skills": [
          {
            "point": 0,
            "maxFight": 1,
            "manaUse": 0,
            "skillId": 105,
            "dx": 0,
            "dy": 0,
            "damage": 0,
            "price": 0,
            "coolDown": 0,
            "powRequire": 0,
            "moreInfo": "a"
          }
        ]
      },
      {
        "id": 16,
        "maxPoint": 7,
        "manaUseType": 0,
        "type": 0,
        "icon": 0,
        "name": "Beams",
        "description": "Beams ",
        "damInfo": " Beams ",
        "skills": [
          {
            "point": 0,
            "maxFight": 1,
            "manaUse": 0,
            "skillId": 106,
            "dx": 0,
            "dy": 0,
            "damage": 0,
            "price": 0,
            "coolDown": 0,
            "powRequire": 0,
            "moreInfo": "a"
          }
        ]
      }
    ]
  },
  {
    "classId": 5,
    "name": "Ninja Đao",
    "skillTemplates": [
      {
        "id": 19,
        "maxPoint": 7,
        "manaUseType": 1,
        "type": 3,
        "icon": 3784,
        "name": "Energy Shield",
        "description": "Energy Shield",
        "damInfo": "Resistant all damage",
        "skills": [
          {
            "point": 1,
            "maxFight": 1,
            "manaUse": 51,
            "skillId": 121,
            "dx": 0,
            "dy": 0,
            "damage": 15,
            "price": 9999,
            "coolDown": 75000,
            "powRequire": 10000000,
            "moreInfo": "Protect Shield 1"
          },
          {
            "point": 2,
            "maxFight": 1,
            "manaUse": 48,
            "skillId": 122,
            "dx": 0,
            "dy": 0,
            "damage": 20,
            "price": 9999,
            "coolDown": 80000,
            "powRequire": 25000000,
            "moreInfo": "Protect Shield 2"
          },
          {
            "point": 3,
            "maxFight": 1,
            "manaUse": 45,
            "skillId": 123,
            "dx": 0,
            "dy": 0,
            "damage": 25,
            "price": 9999,
            "coolDown": 85000,
            "powRequire": 50000000,
            "moreInfo": "Protect Shield 3"
          },
          {
            "point": 4,
            "maxFight": 1,
            "manaUse": 42,
            "skillId": 124,
            "dx": 0,
            "dy": 0,
            "damage": 30,
            "price": 9999,
            "coolDown": 90000,
            "powRequire": 125000000,
            "moreInfo": "Protect Shield 4"
          },
          {
            "point": 5,
            "maxFight": 1,
            "manaUse": 39,
            "skillId": 125,
            "dx": 0,
            "dy": 0,
            "damage": 35,
            "price": 9999,
            "coolDown": 95000,
            "powRequire": 625000000,
            "moreInfo": "Protect Shield 5"
          },
          {
            "point": 6,
            "maxFight": 1,
            "manaUse": 36,
            "skillId": 126,
            "dx": 0,
            "dy": 0,
            "damage": 40,
            "price": 9999,
            "coolDown": 100000,
            "powRequire": 3125000000,
            "moreInfo": "Protect Shield 6"
          },
          {
            "point": 7,
            "maxFight": 1,
            "manaUse": 33,
            "skillId": 127,
            "dx": 0,
            "dy": 0,
            "damage": 45,
            "price": 9999,
            "coolDown": 105000,
            "powRequire": 15625000000,
            "moreInfo": "Protect Shield 7"
          }
        ]
      }
    ]
  },
  {
    "classId": 6,
    "name": "Ninja Quạt",
    "skillTemplates": [
      {
        "id": 19,
        "maxPoint": 7,
        "manaUseType": 1,
        "type": 3,
        "icon": 3784,
        "name": "Energy Shield",
        "description": "Energy Shield",
        "damInfo": "Resistant all damage",
        "skills": [
          {
            "point": 1,
            "maxFight": 1,
            "manaUse": 51,
            "skillId": 121,
            "dx": 0,
            "dy": 0,
            "damage": 15,
            "price": 9999,
            "coolDown": 75000,
            "powRequire": 10000000,
            "moreInfo": "Protect Shield 1"
          },
          {
            "point": 2,
            "maxFight": 1,
            "manaUse": 48,
            "skillId": 122,
            "dx": 0,
            "dy": 0,
            "damage": 20,
            "price": 9999,
            "coolDown": 80000,
            "powRequire": 25000000,
            "moreInfo": "Protect Shield 2"
          },
          {
            "point": 3,
            "maxFight": 1,
            "manaUse": 45,
            "skillId": 123,
            "dx": 0,
            "dy": 0,
            "damage": 25,
            "price": 9999,
            "coolDown": 85000,
            "powRequire": 50000000,
            "moreInfo": "Protect Shield 3"
          },
          {
            "point": 4,
            "maxFight": 1,
            "manaUse": 42,
            "skillId": 124,
            "dx": 0,
            "dy": 0,
            "damage": 30,
            "price": 9999,
            "coolDown": 90000,
            "powRequire": 125000000,
            "moreInfo": "Protect Shield 4"
          },
          {
            "point": 5,
            "maxFight": 1,
            "manaUse": 39,
            "skillId": 125,
            "dx": 0,
            "dy": 0,
            "damage": 35,
            "price": 9999,
            "coolDown": 95000,
            "powRequire": 625000000,
            "moreInfo": "Protect Shield 5"
          },
          {
            "point": 6,
            "maxFight": 1,
            "manaUse": 36,
            "skillId": 126,
            "dx": 0,
            "dy": 0,
            "damage": 40,
            "price": 9999,
            "coolDown": 100000,
            "powRequire": 3125000000,
            "moreInfo": "Protect Shield 6"
          },
          {
            "point": 7,
            "maxFight": 1,
            "manaUse": 33,
            "skillId": 127,
            "dx": 0,
            "dy": 0,
            "damage": 45,
            "price": 9999,
            "coolDown": 105000,
            "powRequire": 15625000000,
            "moreInfo": "Protect Shield 7"
          }
        ]
      }
    ]
  }
]